player_id,name,position,team,conference,top_prospect,year
1f282a0d-74d2-4313-826f-091dcbe5e4ab,Ryan Willis,QB,Hokies Virginia Tech,ACC,No,2020
21f6f2ee-bf83-4e2e-8051-f382208f8d8f,Lee Autry,DT,Bulldogs Mississippi State,SEC,No,2020
2959acb3-71a4-4bb8-94ae-006e9deb19f5,Khalid Kareem,DL,Fighting Irish Notre Dame,IA Independents,No,2020
26b39358-13fa-4a40-b436-bb02382dc734,James Pierre,CB,Owls Florida Atlantic,Conference USA,No,2020
2cb60db2-6db0-4f2c-9a4f-a2f330c3527b,Michael Warren II,RB,Bearcats Cincinnati,American Athletic,No,2020
2dcd87fb-1f76-4bdd-878c-7c02a42f317b,Malcolm Roach,DL,Longhorns Texas,Big 12,No,2020
2e9d5406-c3a7-4883-baa3-260c11b0b5b6,Garrett Marino,DL,Blazers UAB,Conference USA,No,2020
33ecc90f-85d1-4f44-bfa7-959e480abacc,Jared Rice,TE,Bulldogs Fresno State,Mountain West,No,2020
30648ea2-d5b1-4a2b-a0ee-613ff6304035,Harrison Hand,CB,Owls Temple,American Athletic,No,2020
373d3097-64f3-498f-be2f-78ebe06f3bf2,Bryan Edwards,WR,Gamecocks South Carolina,SEC,No,2020
3c27c8a7-48da-4238-9936-511e17240f23,Myles Bryant,DB,Huskies Washington,Pac-12,No,2020
40b70941-ed72-4749-8dff-80fbf4845e45,Tre'Vour Wallace-Simms,OL,Tigers Missouri,SEC,No,2020
4727ea30-e4a1-4ccf-b0b4-83ef7dce8956,Branden Bowen,OL,Buckeyes Ohio State,Big Ten,No,2020
4730d59d-96cc-4791-914b-7f2bcefdc62e,Alohi Gilman,SAF,Fighting Irish Notre Dame,IA Independents,No,2020
4a2e8777-8b4f-47f1-88a8-f72c1dbce1df,Khalil Davis,DL,Cornhuskers Nebraska,Big Ten,No,2020
4a2e87df-3149-4ff8-9f93-b39e8e7abb99,A.J. Epenesa,DE,Hawkeyes Iowa,Big Ten,Yes,2020
4c366344-0c57-4c57-af21-9a170ce4544c,Ben DiNucci,QB,,,No,2020
4c57411a-dc1c-4625-8245-c69a2167f4ad,Jay Jay Wilson,RB,Tigers Auburn,SEC,No,2020
4c37c9dd-041f-4fcd-b64b-3f42aa8d32cc,Laviska Shenault Jr.,WR,Buffaloes Colorado,Pac-12,Yes,2020
48f7821f-4ddc-4f2e-93ff-b0cf59c0dc3d,Johnathon Johnson,WR,Tigers Missouri,SEC,No,2020
4d3867b7-c6bf-458f-9c54-672060467d5b,Mason Fine,QB,Mean Green North Texas,Conference USA,No,2020
4d7efaf4-9ae1-4b11-a28b-b7a125b621c2,Trystan Colon-Castillo,OL,Tigers Missouri,SEC,No,2020
4e3eba59-a2ab-4bd1-8d44-46588674f280,Levonta Taylor,DB,Seminoles Florida State,ACC,No,2020
51f4a6bb-8ff5-4ac7-805c-63733f8de787,Ke'Shawn Vaughn,RB,Commodores Vanderbilt,SEC,Yes,2020
53575e92-f174-4296-b4e4-6ccf018ac6e9,Michael Turk,P,Sun Devils Arizona State,Pac-12,No,2020
54e2ee23-6269-426a-8e0c-7bf4590679e5,Geno Stone,DB,Hawkeyes Iowa,Big Ten,No,2020
55c0a20f-291d-40d0-9dcb-963a48da73d6,Tony Jones Jr.,RB,Fighting Irish Notre Dame,IA Independents,No,2020
5572cd09-aacc-461a-882a-7fe4615ddaeb,Jalen Hurts,QB,Sooners Oklahoma,Big 12,Yes,2020
572a0b7e-2482-4675-b205-1af4b0060be4,Malcolm Perry,QB,Midshipmen Navy,American Athletic,No,2020
57f8e42b-9973-4336-ba53-c99c2b6eff0c,Michael Divinity Jr.,OLB,Tigers LSU,SEC,No,2020
550cf8a4-08c8-44d8-803f-e8eb3b4c451b,Jerry Jeudy,WR,Crimson Tide Alabama,SEC,Yes,2020
59e1e38b-0f07-4627-b5c9-5c811e61bf0a,Pete Guerriero,RB,Hawks Monmouth,Big South,No,2020
59e83327-1732-4442-b167-fd7b1b3855ba,Toren Young,RB,Hawkeyes Iowa,Big Ten,No,2020
5a8d6566-e508-417e-8b6f-6743c0a8f3f9,Kyahva Tezino,LB,Aztecs San Diego State,Mountain West,No,2020
5b5e5532-3259-464e-9a99-4c8c83d3b3bd,Raekwon Davis,DL,Crimson Tide Alabama,SEC,Yes,2020
5d1cba4d-cf97-471e-9cc5-e76f131c5a89,Steven Montez,QB,Buffaloes Colorado,Pac-12,No,2020
5e83ba0c-d910-4656-a7f3-c779d3da239f,Houston Miller,DL,Red Raiders Texas Tech,Big 12,No,2020
114c11ee-aa87-473d-b9dc-e0ad899dcf06,Collin Johnson,WR,Longhorns Texas,Big 12,Yes,2020
0f77ed0b-1420-439c-8a69-ac42600a5ddf,T.J. Brunson,LB,Gamecocks South Carolina,SEC,No,2020
1108e620-0141-4713-bae5-fe363cbebdce,LeVante Bellamy,RB,Broncos Western Michigan,Mid-American,No,2020
138131c1-de7d-49e5-b9e8-a329656d6ce2,Jared Mayden,DB,Crimson Tide Alabama,SEC,No,2020
172d3b44-c977-46a9-acee-b7d54f4fb138,Kendall Coleman,DL,Orange Syracuse,ACC,No,2020
6e5527fa-f224-47ed-a838-b91dbdec6498,Rodney Clemons,SAF,Mustangs SMU,American Athletic,No,2020
71c88aaf-e62c-483e-879f-957c328496ff,McTelvin Agim,DL,Razorbacks Arkansas,SEC,No,2020
72145e51-a3ba-4464-ab83-659e7c94d36d,Terrell Burgess,DB,Utes Utah,Pac-12,No,2020
73d2d45c-54e2-4a84-bfde-efedf504e7cf,Kenny Robinson,SAF,Mountaineers West Virginia,Big 12,No,2020
73ae93c1-3687-41bd-bed7-307637faff4b,Ben Bredeson,OL,Wolverines Michigan,Big Ten,No,2020
77e92398-a117-44d1-97f6-d882add273ef,Freddie Swain,WR,Gators Florida,SEC,No,2020
04fd3f7a-caa1-4c03-bf7c-5fa5d52e600c,Tony Brown,WR,Buffaloes Colorado,Pac-12,No,2020
0aba58b9-88cd-4058-862f-4db110c747d4,Parker Braun,OL,Longhorns Texas,Big 12,No,2020
0a6ddf89-88a7-4b45-bf9b-d10eebb285bf,Ross Blacklock,DT,Horned Frogs TCU,Big 12,Yes,2020
0bd778b1-ced0-42bf-8aff-adf7d9365bfe,Antoine Brooks Jr.,DB,Terrapins Maryland,Big Ten,No,2020
0b84afa5-16aa-4796-80bf-84ab3ccbdcf8,Jaylon Johnson,DB,Utes Utah,Pac-12,Yes,2020
64c7ddc1-dbca-4c88-8c2c-7f330540ff66,Reggie Floyd,DB,Hokies Virginia Tech,ACC,No,2020
6c71e557-a2b5-483e-a152-a03f42991094,Qaadir Sheppard,LB,Rebels Ole Miss,SEC,No,2020
6d5c3ea2-5b59-450d-ab6b-3f8d1de8e7b1,Quez Watkins,WR,Golden Eagles Southern Miss,Conference USA,No,2020
785f96b2-1458-458f-84b4-9c3de48bdc21,Clyde Edwards-Helaire,RB,Tigers LSU,SEC,Yes,2020
7a9563ad-9b7a-40e8-9648-ea6d2e64594a,Jason Huntley,RB,Aggies New Mexico State,IA Independents,No,2020
7b90a82e-b85e-496a-b886-7e593214fa27,Jeremy Chinn,SAF,Salukis Southern Illinois,Missouri Valley,Yes,2020
7b3a6cf5-c4ac-4196-8b53-2c7f9ef65cb9,Cody White,WR,Spartans Michigan State,Big Ten,No,2020
1ada65a4-0f4f-497e-a70c-bd9c7a5d28fa,Mitchell Wilcox,TE,Bulls South Florida,American Athletic,No,2020
5da7c751-55e8-405a-ba77-9c7517b473bb,Joseph Charlton,P,Gamecocks South Carolina,SEC,No,2020
62494872-b965-4257-8008-f3d07581904b,Blake Brandel,OL,Beavers Oregon State,Pac-12,No,2020
635130a0-3d32-4161-9b89-b8ffa169102a,Mekhi Becton,OL,Cardinals Louisville,ACC,Yes,2020
7d4ca3a4-2e4e-416c-b338-3a6fb8bb16c0,Krys Barnes,LB,Bruins UCLA,Pac-12,No,2020
acd6e8e8-78f1-4100-be42-fc133bebae7d,Cale Garrett,LB,Tigers Missouri,SEC,No,2020
ad5f9ca0-11ff-4a00-9cce-d259da4e4fd9,Tyler Huntley,QB,Utes Utah,Pac-12,No,2020
add6fe70-754a-4b7d-aa9d-b92dca0d0946,Jarrett Guarantano,QB,Volunteers Tennessee,SEC,No,2020
ad82bb00-2420-4058-81a1-43447661185d,Jaron Bryant,DB,Bulldogs Fresno State,Mountain West,No,2020
ae1d096b-ab9b-4cef-aced-b84f2b8286ad,Darrell Taylor,LB,Volunteers Tennessee,SEC,No,2020
aebb191c-0fe3-4def-a9ed-bd1b3ed0f2d3,Jordyn Brooks,LB,Red Raiders Texas Tech,Big 12,No,2020
b00b2d33-fde7-4b63-b581-ddcab9573c08,Dominick Wood-Anderson,TE,Volunteers Tennessee,SEC,No,2020
b0775515-6308-4dff-b0ba-c9cc4fb784de,Saahdiq Charles,OT,Tigers LSU,SEC,Yes,2020
b141d3f9-eee3-4c4d-9a72-aa22cb9863f9,Eno Benjamin,RB,Sun Devils Arizona State,Pac-12,No,2020
b1165f9d-db9f-4262-8664-c415d972f88a,Cole Chewins,OT,Spartans Michigan State,Big Ten,No,2020
b174bbbb-d2f3-4345-94d6-47424428b90d,Trajan Bandy,DB,Hurricanes Miami (FL),ACC,No,2020
b28f7909-c6fd-40e9-87ea-cb3f111ec344,Carlos Davis,DL,Cornhuskers Nebraska,Big Ten,No,2020
b520dacc-d4af-4b97-95cd-416f99bcabe5,Kalija Lipscomb,WR,Commodores Vanderbilt,SEC,No,2020
bffbec0e-be58-49e7-91eb-59cc9cb5c7e5,Omar Bayless,WR,Red Wolves Arkansas State,Sun Belt,No,2020
c151f241-ec12-4f1b-b4bc-be78f3c0ede1,Evan Weaver,LB,Golden Bears California,Pac-12,No,2020
c20360db-8dcf-4299-970b-776af26150e2,Henry Ruggs III,WR,Crimson Tide Alabama,SEC,Yes,2020
c41082f9-aef4-4c93-a535-feafadf9839b,Zach Robertson,OL,Sun Devils Arizona State,Pac-12,No,2020
c4c74cc4-c2a2-4c26-92a8-700758bf53c0,Zach Shackelford,OL,Longhorns Texas,Big 12,No,2020
7eebe83a-dceb-4abb-a25b-393d990faaa3,Cameron Clark,OL,49ers Charlotte,Conference USA,No,2020
81715951-b16f-47ed-9043-a91d0da1761a,Trey Adams,OL,Huskies Washington,Pac-12,Yes,2020
81cf53e7-cf86-454c-aae4-45b577ccf35f,Jalen Elliott,SAF,Fighting Irish Notre Dame,IA Independents,No,2020
825f2216-7fcf-4f00-a6c3-4d5a9b9b4192,Malik Harrison,LB,Buckeyes Ohio State,Big Ten,Yes,2020
8240d412-2c55-45d1-bfc5-e627303dd35e,Justin Rohrwasser,K/P,Thundering Herd Marshall,Conference USA,No,2020
82d8d745-9de4-483f-9492-1c15ed98ad4e,Antoine Winfield Jr.,DB,Golden Gophers Minnesota,Big Ten,Yes,2020
8435558f-0316-4eed-a282-ce388ff0f1d2,Grant Delpit,SAF,Tigers LSU,SEC,Yes,2020
82c4382d-e294-49d4-8575-823bb68530ab,Josiah Deguara,TE,Bearcats Cincinnati,American Athletic,No,2020
8c30d375-aac6-4e3f-988b-a7cd075943b8,Sean McKeon,TE,Wolverines Michigan,Big Ten,No,2020
8b774ec7-2695-4387-9a33-e7c3ca1dc624,Antonio Gandy-Golden,WR,Flames Liberty,IA Independents,Yes,2020
90da385a-6f54-4ac9-b945-1409d02e5562,Simon Stepaniak,OL,Hoosiers Indiana,Big Ten,No,2020
d07c30fa-1be2-4834-b671-fc5619204eeb,Damien Lewis,G,Tigers LSU,SEC,No,2020
d568f7c3-786b-4c14-b8e4-512788149b5f,Shaun Bradley,LB,Owls Temple,American Athletic,No,2020
d75ff5b2-dbfb-42cc-9c7b-b49ab98698ee,James Lynch,DT,Bears Baylor,Big 12,Yes,2020
d7bf4719-a713-47d1-8175-d1f305a52b15,Caleb Evans,QB,Warhawks Louisiana-Monroe,Sun Belt,No,2020
d851ed72-f652-48c7-99f6-713ce910525f,Amik Robertson,CB,Bulldogs Louisiana Tech,Conference USA,No,2020
d8a2ee56-bf4d-4aab-8caa-2e9cb3d35961,Terence Steele,OL,Red Raiders Texas Tech,Big 12,No,2020
d96053a8-1ece-4216-b328-4b4ded781434,Michael Pinckney,LB,Hurricanes Miami (FL),ACC,No,2020
d9d9822e-9831-44e5-95db-8cad981ce87c,Alton Robinson,DL,Orange Syracuse,ACC,No,2020
de49d81f-5c74-4550-82f1-19df3dbe65c3,Ashtyn Davis,SAF,Golden Bears California,Pac-12,Yes,2020
928208e4-ad7d-4b13-82f3-fa96d9b9a0b5,Willie Gay Jr.,LB,Bulldogs Mississippi State,SEC,No,2020
939ab50a-ea33-4296-b044-13461ffe37e6,Stephen Guidry,WR,Bulldogs Mississippi State,SEC,No,2020
93d6771b-f49a-4bd4-87b4-86b4de1f08c7,Casey Toohill,OLB,Cardinal Stanford,Pac-12,No,2020
93e05092-638e-45dd-b91c-446d69915e8a,Marlon Davidson,DE,Tigers Auburn,SEC,Yes,2020
96a8794c-2675-4486-8057-4a27225ccf25,Logan Stenberg,OG,Wildcats Kentucky,SEC,No,2020
95ea5552-fb06-4bb5-a998-5eb25c1482da,Jedrick Wills Jr.,OL,Crimson Tide Alabama,SEC,Yes,2020
98e7e086-8a6a-42cf-a5f3-b2c26209db29,Deshawn McClease,RB,Hokies Virginia Tech,ACC,No,2020
9a1e8afd-4857-4c70-a2a4-4d54f0531d7b,Tyre Phillips,OL,Bulldogs Mississippi State,SEC,No,2020
9ead7238-2468-4340-a80e-e4355d6bc4e0,Jo-El Shaw,RB,Golden Flashes Kent State,Mid-American,No,2020
a121c0a7-f60b-43dd-a35a-3935bea440c6,Matt Hennessy,OL,Owls Temple,American Athletic,No,2020
a3f57c74-c248-42ed-9947-3d091a2326aa,Chris Miller,SAF,Bears Baylor,Big 12,No,2020
a529f483-ca72-41d4-aea1-dcf769511ad0,Kelly Bryant,QB,Tigers Missouri,SEC,No,2020
a56e4830-c6f0-4a53-90da-5e25f3afebd8,Breiden Fehoko,DL,Tigers LSU,SEC,No,2020
a6c2bc5c-453d-4bc8-8cbe-906b4b71c1c9,Jared Pinkney,TE,Commodores Vanderbilt,SEC,Yes,2020
a83e8162-b01c-4d76-95c8-b2163cc521ea,Darnay Holmes,DB,Bruins UCLA,Pac-12,No,2020
a87750cd-ebbe-4d9c-961b-ad042b3e2143,Mohamed Barry,LB,Cornhuskers Nebraska,Big Ten,No,2020
aaffb992-0d20-4040-8b47-7341bdd2e803,K'Von Wallace,SAF,Tigers Clemson,ACC,No,2020
ca75a8dc-5380-4b34-92fc-6d308b2f269c,Isaiah Wright,WR,Owls Temple,American Athletic,No,2020
cb390d39-d617-43c9-9296-e8c81c97591c,CeeDee Lamb,WR,Sooners Oklahoma,Big 12,Yes,2020
cbffa452-0666-40ed-a925-42436cadf29a,Kevin Davidson,QB,Tigers Princeton,Ivy,No,2020
cce11cdd-7622-4e7f-9245-2434f9d40de6,Tristan Wirfs,OL,Hawkeyes Iowa,Big Ten,Yes,2020
ccaeb78a-f92a-462a-9880-043106a832b9,Brycen Hopkins,TE,Boilermakers Purdue,Big Ten,No,2020
cd346bec-e381-45d5-a960-7490f271ddd8,Luq Barcoo,CB,Aztecs San Diego State,Mountain West,No,2020
ce1789fb-f277-4ef0-8e57-eb940c1ed7c4,Bryce Perkins,QB,Cavaliers Virginia,ACC,No,2020
cf222cf8-be8d-4b13-971c-d3456163fc61,Marquez Callaway,WR,Volunteers Tennessee,SEC,No,2020
e3ba2e58-c34f-4801-bd74-36d409558004,A.J. Green,CB,Cowboys Oklahoma State,Big 12,No,2020
e733fd9d-774f-43ad-b7ca-88beabecf91d,Benny LeMay,RB,49ers Charlotte,Conference USA,No,2020
e7ba6395-303f-4ac5-bc68-698264dd086a,Javon Kinlaw,DL,Gamecocks South Carolina,SEC,Yes,2020
9bea715f-274f-469a-b6f0-8a7022259c4b,Anfernee Jennings,LB,Crimson Tide Alabama,SEC,Yes,2020
9e8a4745-d16d-4cba-a7ea-81c8ea01f99f,Cole Kmet,TE,Fighting Irish Notre Dame,IA Independents,Yes,2020
9cbf1b20-2841-41c5-9f2b-1564b9f891a2,Cordel Iwuagwu,OG,Horned Frogs TCU,Big 12,No,2020
9dd8ff02-3578-4bc6-b562-491a8645fd13,Cheyenne O'Grady,TE,Razorbacks Arkansas,SEC,No,2020
df3cf0d0-86a5-4e24-8254-e9837f6e2458,K.J. Osborn,WR,Hurricanes Miami (FL),ACC,No,2020
ebc188ec-41cc-4341-a367-ef39f9dbea37,Jace Whittaker,CB,Wildcats Arizona,Pac-12,No,2020
ecaec101-d8f6-4309-84f6-b5e3689ce7e3,Aaron Fuller,WR,Huskies Washington,Pac-12,No,2020
ee260587-ab2b-4973-83ca-03a0f62eb447,Bryce Huff,DE,Tigers Memphis,American Athletic,No,2020
f03dcc05-53df-4bb5-9e67-616fa8b87384,J.K. Dobbins,RB,Buckeyes Ohio State,Big Ten,Yes,2020
efa1a54f-2224-4c54-b240-a3fb9c0cf60d,Nigel Warrior,DB,Volunteers Tennessee,SEC,No,2020
f2b1f247-68c0-4eb5-848d-59e71fc9dd51,Chase Claypool,WR,Fighting Irish Notre Dame,IA Independents,No,2020
f35904e6-bf7a-412a-85dd-7f619006cf45,Kyle Dugger,SAF,Bears Lenoir-Rhyne University,South Atlantic Conference,Yes,2020
f4d71d77-d776-4283-9588-c97bb650549f,James Morgan,QB,Golden Panthers Florida International,Conference USA,No,2020
fe952c17-f2c0-4d01-9850-622ee70fab20,Cameron Dantzler,CB,Bulldogs Mississippi State,SEC,Yes,2020
41c77c35-1358-4dd3-a991-f8f4690f764e,Damar Hamlin,DB,Panthers Pittsburgh,ACC,No,2020
42471893-8054-4744-b82c-300b65fa7d70,Gus Lavaka,OL,Beavers Oregon State,Pac-12,No,2020
45039aee-edc8-4a52-876d-72e81ef7467e,Ahmad Wagner,WR,Wildcats Kentucky,SEC,No,2020
45144329-b621-4eee-9c4d-0da6a3269bf4,Josh Metellus,DB,Wolverines Michigan,Big Ten,No,2020
4684fc1f-c25c-4098-a4b9-030a58ed0926,Jack Driscoll,OL,Tigers Auburn,SEC,No,2020
477542dc-099f-4d53-9f7e-3991752fd831,Cooper Rothe,K,Cowboys Wyoming,Mountain West,No,2020
49823fff-df6f-47a8-986e-f15015e5766f,Jauan Jennings,WR,Volunteers Tennessee,SEC,No,2020
49c0d561-d850-4830-b5c3-bf5ace7160cf,Lucas Niang,OT,Horned Frogs TCU,Big 12,No,2020
49e15cb1-4bc3-4f98-86ff-9c9ab45cdca6,K.J. Hill,WR,Buckeyes Ohio State,Big Ten,Yes,2020
4dbb50ae-c669-4ff7-93e8-c298d96886b3,Francis Bernard,LB,Utes Utah,Pac-12,No,2020
4edfdc86-bf5b-4604-8862-b7697c62a134,Nick Harris,OL,Huskies Washington,Pac-12,No,2020
4fb4c908-150e-4a50-a608-8cf94defc5ff,Harrison Bryant,TE,Owls Florida Atlantic,Conference USA,Yes,2020
5195074b-0ea0-49be-a3de-d0193d28ecb4,Robert Hunt,OL,Ragin' Cajuns Louisiana-Lafayette,Sun Belt,No,2020
52616e3b-3a8e-4681-9f3d-96663616fa64,John Penisini,DT,Utes Utah,Pac-12,No,2020
5270f372-c087-42b7-8c84-49bf1b77aea6,Tanner Muse,SAF,Tigers Clemson,ACC,No,2020
55bb30ab-443d-4fab-bc32-d9023b903bed,Gage Cervenka,OL,Tigers Clemson,ACC,No,2020
575c166e-524c-4353-8ed1-ee4646bf38d8,Jashon Cornell,DT,Buckeyes Ohio State,Big Ten,No,2020
58098bf4-ec1e-478e-a33f-8305745ccb1a,Thaddeus Moss,TE,Tigers LSU,SEC,No,2020
5524f29a-c889-4332-bd89-63afa5739342,Troy Dye,LB,Ducks Oregon,Pac-12,No,2020
5989af04-858b-4d57-8c73-5e72904c8da4,Ezra Cleveland,OL,Broncos Boise State,Mountain West,No,2020
5d5cb881-0652-4fc2-a5fa-70836f88c684,Cesar Ruiz,OL,Wolverines Michigan,Big Ten,Yes,2020
60d03ebc-3c1f-4049-bbbe-82fc31e4550b,Jared Hilbers,OL,Huskies Washington,Pac-12,No,2020
28bc9c11-8816-4422-aeb7-a87b93fb4585,Darrell Stewart Jr.,WR,Spartans Michigan State,Big Ten,No,2020
23ad597e-632d-45c6-a834-5d0625c104f7,Joe Reed,WR,Cavaliers Virginia,ACC,No,2020
2b3ec0b3-1637-4d08-8eaa-b05ad72186c3,Marcus Norman,OT,Bulls South Florida,American Athletic,No,2020
2e6ad3ab-fa2e-406f-9f8c-fb8efed6aeca,Chase Young,DE,Buckeyes Ohio State,Big Ten,Yes,2020
302d00f9-f13a-46bd-9a96-e5fdc60044ec,JaMycal Hasty,RB,Bears Baylor,Big 12,No,2020
32965c7d-bc1c-44c3-bfc3-0c9a0cc1e895,Kendrick Rogers,WR,Aggies Texas A&M,SEC,No,2020
368a6260-8c48-4d22-82a3-ca0fc04e1740,Calvin Throckmorton,OL,Ducks Oregon,Pac-12,No,2020
36a9efec-d67d-4015-a555-aaa8d2089582,Jeff Gladney,CB,Horned Frogs TCU,Big 12,Yes,2020
37e91fbb-d130-492b-a169-d9295b127291,Robert Landers,DL,Buckeyes Ohio State,Big Ten,No,2020
3905e438-3bcc-4e35-ab7e-a1fdc2784bb9,Tyler Biadasz,OL,Badgers Wisconsin,Big Ten,Yes,2020
3ed4c782-a438-4632-a663-75fd55165db1,Chapelle Russell,LB,Owls Temple,American Athletic,No,2020
3fced08b-703f-4fd8-a1a0-1dfb08eeb64c,David Dowell,SAF,Spartans Michigan State,Big Ten,No,2020
418622b3-798b-4382-a3b7-05aa04261bea,DeeJay Dallas,RB,Hurricanes Miami (FL),ACC,No,2020
7a0fd7a4-d5c0-4792-b6dd-1c912c26be41,Danny Pinter,OL,Cardinals Ball State,Mid-American,No,2020
7c27347a-9c8a-4346-994c-1aa4d8f59b02,Davion Taylor,OLB,Buffaloes Colorado,Pac-12,No,2020
7ebf8032-3c19-4a99-a7eb-bfee7abd3652,Javin White,LB,Rebels UNLV,Mountain West,No,2020
7fc79d18-b6f3-4cc3-98b6-6a14fbfa172c,Dante Olson,LB,Grizzlies Montana,Big Sky,No,2020
84a5cfca-6592-4727-a05c-e3ad9674f5b7,Jake Bentley,QB,Utes Utah,Pac-12,No,2020
8991b2bc-49d3-4a9b-b9a2-dd5d974f25d5,Derrick Brown,DT,Tigers Auburn,SEC,Yes,2020
8cf20749-c8d6-4aa8-84a5-c276657292ae,Derrek Tuszka,DE,Bison North Dakota State,Missouri Valley,No,2020
8d329cf5-1176-4e53-aaee-1faef3395de3,Stephen Sullivan,TE,Tigers LSU,SEC,No,2020
8bf99735-320e-452a-8a48-ce9d73b3d1af,Frederick Mauigoa,OL,Cougars Washington State,Pac-12,No,2020
8b1def70-27ae-4147-92c2-6ed1aa6c5712,Justin Herron,OL,Demon Deacons Wake Forest,ACC,No,2020
8f837cb9-a579-449e-8fdc-0d9c00ae60d4,Cassh Maluia,LB,Cowboys Wyoming,Mountain West,No,2020
92a22273-0361-47a9-8429-c1e1bd2087d8,Patrick Taylor Jr.,RB,Tigers Memphis,American Athletic,No,2020
9398fe17-7863-4910-ae4c-14237a25617c,Blake Barnett,QB,Bulls South Florida,American Athletic,No,2020
05e98d19-11e0-40fd-a62b-6f4dfb3e9add,Antonio Gibson,WR,Tigers Memphis,American Athletic,No,2020
0c88aef8-0220-4166-8bf0-e4b74c6af381,Elijah Riley,DB,Black Knights Army,IA Independents,No,2020
06fd47fe-93d3-4ac9-a857-5adbe1fdb4ec,Neville Gallimore,DL,Sooners Oklahoma,Big 12,Yes,2020
069c17cd-b360-47ba-9911-d38d43ffc97f,John Simpson,OL,Tigers Clemson,ACC,Yes,2020
0ccd3d07-24cb-4556-8966-f617f006471c,Patrick Queen,LB,Tigers LSU,SEC,Yes,2020
0f0132ae-43f7-4d50-8fbd-9b9a66d5ada4,Reggie Corbin,RB,Fighting Illini Illinois,Big Ten,No,2020
14342b5d-c096-44c6-b169-bfc83b136a73,Donovan Peoples-Jones,WR,Wolverines Michigan,Big Ten,Yes,2020
13d4669e-2d82-4044-9fa0-03973a2f136a,Hunter Bryant,TE,Huskies Washington,Pac-12,Yes,2020
16688daa-9634-4791-8233-71d400994f53,Tommy Townsend,P,Gators Florida,SEC,No,2020
1aa2b790-36cb-4afb-96a8-82b216d638b4,Robert Windsor,DT,Nittany Lions Penn State,Big Ten,No,2020
1b1e6365-faf7-472e-b720-8219335ac5fc,Zack Baun,OLB,Badgers Wisconsin,Big Ten,Yes,2020
1d1b6fdf-4af0-4f35-9d9d-8ced2dc9acb4,Jalen Reagor,WR,Horned Frogs TCU,Big 12,Yes,2020
675ac030-346e-419c-ae92-0399e257801f,Sterling Hofrichter,K/P,Orange Syracuse,ACC,No,2020
68955eda-e072-4275-824e-417627308ab3,Austin Jackson,OT,Trojans USC,Pac-12,Yes,2020
6b688b66-dd33-48a0-8907-76ad1855e8c0,Nate Stanley,QB,Hawkeyes Iowa,Big Ten,No,2020
6e8bd3fe-0e36-40cd-913d-154a90b5bdfe,Jacob Breeland,TE,Ducks Oregon,Pac-12,No,2020
6ec9a5f3-0100-4b9e-bae6-e8f4cdbba075,Josh Uche,LB,Wolverines Michigan,Big Ten,Yes,2020
6fa368d8-8a6a-45c1-a917-71f33dbc9312,Zack Moss,RB,Utes Utah,Pac-12,Yes,2020
722a9773-7329-4584-99c8-2c075eb399c4,Essang Bassey,DB,Demon Deacons Wake Forest,ACC,No,2020
72bbaba4-049a-46ca-a8f1-3ad8fd731373,Moe Neal,RB,Orange Syracuse,ACC,No,2020
7090bfde-36f0-41ed-88f7-d62886fbf496,Justin Jefferson,WR,Tigers LSU,SEC,Yes,2020
76423d5d-a9c2-4629-9adf-82e43fb3417c,Sage Lewis,LB,Golden Panthers Florida International,Conference USA,No,2020
75854521-5c5a-428f-8f96-23be2ed2cbc9,Trevon Diggs,DB,Crimson Tide Alabama,SEC,Yes,2020
748c7574-6874-43e3-b10d-e68e6156f658,Yetur Gross-Matos,DE,Nittany Lions Penn State,Big Ten,Yes,2020
7755a688-c81a-4f44-8df7-5a69901f6f78,Justin Strnad,LB,Demon Deacons Wake Forest,ACC,No,2020
776d1b3e-d142-44f2-92e3-8b9a9232e334,Shaquille Quarterman,LB,Hurricanes Miami (FL),ACC,No,2020
2231c7ca-fa72-422b-917f-cadab40f05c5,Devin Asiasi,TE,Bruins UCLA,Pac-12,No,2020
229e2217-cf77-431c-ae09-b899dd2d9a93,Chris Claybrooks,DB,Tigers Memphis,American Athletic,No,2020
25418e7b-f4dd-44b0-afbc-189c31f64017,Reggie Walker,DE,Wildcats Kansas State,Big 12,No,2020
26bded1f-65cf-4af5-8a51-5a31f3de391a,Javelin Guidry,DB,Utes Utah,Pac-12,No,2020
66135654-6e84-4c0c-9ca8-64e48b461aad,Van Jefferson,WR,Gators Florida,SEC,No,2020
673fd76d-f6ad-4f66-a01e-8a8b5134192e,Austin Mack,WR,Buckeyes Ohio State,Big Ten,No,2020
032c669c-78f4-482d-8237-dad91a264747,Michael Onwenu,OL,Wolverines Michigan,Big Ten,No,2020
04e66fbb-46ea-463c-af53-551772d23312,Tremayne Anchrum,OT,Tigers Clemson,ACC,No,2020
8b835288-8e28-4760-b20d-a5996b6c747a,Trevon McSwain,DT,Blue Devils Duke,ACC,No,2020
645d26af-47be-41e7-a764-5e2413446c4e,Darrynton Evans,RB,Mountaineers Appalachian State,Sun Belt,No,2020
cc751a34-0a10-40be-bf03-f1cabde7f16b,Isaiah Hodgins,WR,Beavers Oregon State,Pac-12,No,2020
cd8bfe0d-dce3-4c97-a74e-40e624647e34,Troy Pride Jr.,CB,Fighting Irish Notre Dame,IA Independents,Yes,2020
cf39bbba-fcf6-45bc-8863-9d0a5f8614ba,Stanford Samuels III,DB,Seminoles Florida State,ACC,No,2020
cee7a49a-bedf-472b-9754-800eaf7b7396,Daniel Bituli,LB,Volunteers Tennessee,SEC,No,2020
ceff8b65-b595-4270-a684-9cba9f1c6c5f,Azur Kamara,LB,Jayhawks Kansas,Big 12,No,2020
d256bf2a-8a1e-439c-a6b4-eec3db01adbb,Parnell Motley,CB,Sooners Oklahoma,Big 12,No,2020
d3aaba65-4044-4e76-b102-5f699afc55e5,Joe Burrow,QB,Tigers LSU,SEC,Yes,2020
d472297e-da97-44be-8754-1001cc9b7181,Brian Herrien,RB,Bulldogs Georgia,SEC,No,2020
d5bfbaf6-e70c-4446-802b-ec7eaee4488e,Sean Pollard,OL,Tigers Clemson,ACC,No,2020
d594a428-bfc1-4ab8-9b93-4ff2c686611c,Colby Parkinson,TE,Cardinal Stanford,Pac-12,Yes,2020
d894fa44-7e36-4879-a1f5-05d91ae6bee8,Dustin Woodard,OL,Tigers Memphis,American Athletic,No,2020
d97e5d71-0595-4811-ae3a-e100156a924a,Jet Toner,K,Cardinal Stanford,Pac-12,No,2020
da5b733b-bcf7-404d-bf15-7a22d26e6f5f,Mykal Walker,LB,Bulldogs Fresno State,Mountain West,No,2020
dba4e181-3f40-4740-967c-922c70e529a3,Jonathan Taylor,RB,Badgers Wisconsin,Big Ten,Yes,2020
ddb13c3d-19d2-4f1d-8663-357713b38499,Devin Duvernay,WR,Longhorns Texas,Big 12,Yes,2020
e2548612-cac1-4820-9ebd-8891803aac65,Elorm Lumor,DL,Scarlet Knights Rutgers,Big Ten,No,2020
e1567a5a-fc38-4310-8b0f-9dc803d7ea60,Joshua Kelley,RB,Bruins UCLA,Pac-12,No,2020
e0ac718f-1251-48ca-91af-80eada4b7b3b,Rashard Lawrence,DL,Tigers LSU,SEC,No,2020
e415d9be-25aa-4843-bac4-bbf57c470dbf,Brandon Aiyuk,WR,Sun Devils Arizona State,Pac-12,Yes,2020
e27644d3-9805-4733-bf9b-8723bbc7044d,David Reese II,LB,Gators Florida,SEC,No,2020
e4f08df2-0636-4176-967c-b466eafde664,Tipa Galeai,DE,Aggies Utah State,Mountain West,No,2020
e51f43ab-80e9-4da3-813f-e3e34339aa1a,Kyle Murphy,OL,Rams Rhode Island,CAA,No,2020
e3be93ec-38af-43b9-bdc5-deba65546dd4,Alex Pechin,K/P,Bison Bucknell,Patriot League,No,2020
e7193aaa-ae09-4a35-97d3-5dc9b5c15487,Tucker McCann,K,Tigers Missouri,SEC,No,2020
e733323e-889c-400c-8b0f-5d07d92fc1a0,James Gilbert,RB,Wildcats Kansas State,Big 12,No,2020
afb166b9-929c-4c8a-ab55-5a6c593de196,Lamical Perine,RB,Gators Florida,SEC,No,2020
b4eea69b-9ae5-409f-82a1-ff988143d3a9,Josiah Coatney,DT,Rebels Ole Miss,SEC,No,2020
b5ce5b26-6906-4ceb-b6ab-b969f8eb871b,Anthony Gordon,QB,Cougars Washington State,Pac-12,No,2020
b5da3ca2-8b8a-4c7a-82e6-ba62b229aeed,Raequan Williams,DT,Spartans Michigan State,Big Ten,No,2020
b6350b56-1759-4c86-be63-f5e35ba6d02a,Steven Gonzalez,OL,Nittany Lions Penn State,Big Ten,No,2020
b6e481ba-ea6e-436c-b0ce-2ef0fb77d993,John Hightower,WR,Broncos Boise State,Mountain West,No,2020
b6a0099a-158c-4202-9149-377f46acd4ab,Joey Magnifico,TE,Tigers Memphis,American Athletic,No,2020
b988af67-075a-429a-a392-ecd2fe93c003,Caleb Kelly,LB,Sooners Oklahoma,Big 12,No,2020
ba5b107b-978c-4319-bee8-b810b6a290db,Trevis Gipson,DE,Golden Hurricane Tulsa,American Athletic,No,2020
c0cbb803-41a7-46fa-bed1-f5dd1f027b52,Jabari Zuniga,DL,Gators Florida,SEC,No,2020
bf44719a-acbe-41d3-bf2f-756922d17931,Kamal Martin,LB,Golden Gophers Minnesota,Big Ten,No,2020
c0a0dc19-d54e-478a-953d-74c21fe45b4a,Julian Okwara,DL,Fighting Irish Notre Dame,IA Independents,Yes,2020
c306fe2b-80d0-4620-a5f5-8b9773ed246c,Thakarius Keyes,CB,Green Wave Tulane,American Athletic,No,2020
c67261b8-0882-4382-b21f-c1b492e83883,Bryce Sterk,DE,Bobcats Montana State,Big Sky,No,2020
c6b2b7e4-f6ad-41e6-b1d1-9d8f48ee9891,Bryce Hall,CB,Cavaliers Virginia,ACC,Yes,2020
c9708acc-59eb-49b1-8198-6627914e1fbd,Larrell Murchison,DT,Wolfpack North Carolina State,ACC,No,2020
cab0e5a2-951c-44ae-a9f2-d85fb5f83a04,Kelvin Smith,TE,Mean Green North Texas,Conference USA,No,2020
956543d5-c441-4787-b5d5-1bed7e3da42f,Debione Renfro,DB,Aggies Texas A&M,SEC,No,2020
95d9b073-33d8-4a5b-a076-ac4b9172c85b,Joe Bachie,LB,Spartans Michigan State,Big Ten,No,2020
9906bd5c-52e5-4554-9936-0e8d65ebe194,Jordan Love,QB,Aggies Utah State,Mountain West,Yes,2020
99abf8ca-fd25-490e-bed3-e3a19372ac5c,Keith Ismael,OL,Aztecs San Diego State,Mountain West,Yes,2020
9a00e2c7-58ec-40db-a106-543ea442d0b5,Quartney Davis,WR,Aggies Texas A&M,SEC,No,2020
9b3284a1-99e2-418b-ab9e-8a3546143c4b,Chris Jackson,DB,,,No,2020
9e1dd84f-215e-49a2-b8bb-1761b8a4e8a6,Chris Finke,WR,Fighting Irish Notre Dame,IA Independents,No,2020
9e2f4d35-bc03-453c-9fd7-55d5c4ac0643,Denzel Mims,WR,Bears Baylor,Big 12,Yes,2020
9ff3ddca-88bf-4b05-93dd-6c428253c2d4,Jordan Glasgow,LB,Wolverines Michigan,Big Ten,No,2020
a1072bfb-4c80-4374-82e0-64bcaaf338af,Ray Lima,DL,Cyclones Iowa State,Big 12,No,2020
a267894e-a307-40a2-822b-d8f6a1e6e75d,Darius Anderson,RB,Horned Frogs TCU,Big 12,No,2020
a71d76c2-062b-4686-bed1-4a383204c7e6,Tee Higgins,WR,Tigers Clemson,ACC,Yes,2020
eb46e2d0-4308-4706-859b-a2ad1344da0a,Netane Muti,OL,Bulldogs Fresno State,Mountain West,Yes,2020
eed05bad-0262-4ca8-9df2-bd061e8188cb,Noah Igbinoghene,DB,Tigers Auburn,SEC,Yes,2020
f093601b-7f55-4660-9d43-a72eddb19cb3,Tyler Davis,TE,Yellow Jackets Georgia Tech,ACC,No,2020
eff3b14d-40c7-48b5-8825-345afe71cdc9,Joe Gaziano,DL,Wildcats Northwestern,Big Ten,No,2020
f0ca1d62-a013-4601-921e-d4e868379d62,Bravvion Roy,DT,Bears Baylor,Big 12,No,2020
f52d88e2-901f-4787-a76e-4612e38c823c,Javaris Davis,DB,Tigers Auburn,SEC,No,2020
f64103eb-624c-4b78-909f-b3f8b31cd7f7,De'Jon Harris,LB,Razorbacks Arkansas,SEC,No,2020
f748dbcf-dee9-474b-9476-1909bd96af8f,John Reid,CB,Nittany Lions Penn State,Big Ten,No,2020
f862ae89-5344-4f62-a1dd-b4b3636b7d10,Tavien Feaster,RB,Gamecocks South Carolina,SEC,No,2020
f8fe5a85-8270-4697-99e8-38786528e2e6,Shane Lemieux,OL,Ducks Oregon,Pac-12,No,2020
fa5de659-aed9-45ee-a29c-acec2b7a59ed,Jonah Jackson,OL,Buckeyes Ohio State,Big Ten,No,2020
fa98066d-dd3a-4bef-ae87-cac9d78b3430,Lloyd Cushenberry III,C,Tigers LSU,SEC,No,2020
fbc680f0-f488-4f75-a165-078a041aaa20,D.Q. Thomas,DB,Golden Eagles Southern Miss,Conference USA,No,2020
fb9084d6-a330-4d86-8f1c-0f496936cf6c,Isaiah Simmons,LB,Tigers Clemson,ACC,Yes,2020
fede1067-7242-4b7b-9560-38f27300f6eb,Kyle Markway,TE,Gamecocks South Carolina,SEC,No,2020
fe9123d0-444a-45ce-ac05-966f289b5963,Quintez Cephus,WR,Badgers Wisconsin,Big Ten,No,2020
fdb386d7-0262-4d2c-9c0a-ca0a0b96ff74,Vernon Scott,SAF,,,No,2020
a9d20704-b8b6-44c8-9305-97bda62f04c7,Rodrigo Blankenship,K,Bulldogs Georgia,SEC,No,2020
aa26a16d-a698-490c-afd5-251e9368227c,Ty'Son Williams,RB,Cougars Brigham Young,IA Independents,No,2020
aa4af3a9-54d4-4e20-b9fd-1f00ce937964,Jacob Phillips,LB,Tigers LSU,SEC,No,2020
aac15185-5b8b-487c-9b6e-c128765f907d,Jonathan Greenard,LB,Gators Florida,SEC,No,2020
ab1e38c7-7cef-4795-b060-b57aa5151399,Kindle Vildor,CB,Eagles Georgia Southern,Sun Belt,No,2020
ad6421f9-7929-445a-9878-47de93ade04f,Lachavious Simmons,OL,Tigers Tennessee State,Ohio Valley,No,2020
b2037851-6cc5-4faf-824e-662aba462c30,Trishton Jackson,WR,Orange Syracuse,ACC,No,2020
b204240c-48b0-4885-8c97-d805fd7c7df2,Brian Cole II,SAF,Bulldogs Mississippi State,SEC,No,2020
b40a5d49-f12c-4888-972b-c8cb45495f59,Xavier Jones,RB,Mustangs SMU,American Athletic,No,2020
63b1a078-3f6b-4041-a0e9-67ac6f300689,Kyle Hinton,G,,,No,2020
3b83a993-7b9e-4097-b3c7-9a906ea22218,Tyler Cooksey,TE,Yellow Jackets Georgia Tech,ACC,No,2020
42148a21-02c3-4fd9-a48a-02457e98467d,Jeff Thomas,WR,Hurricanes Miami (FL),ACC,No,2020
45ad41ae-a08a-43ce-a750-8272d7d1e37e,Marcus Keyes,OL,Cowboys Oklahoma State,Big 12,No,2020
46d1c6fe-3e1f-4a08-bf88-97bd238e0f11,Colton McKivitz,OL,Mountaineers West Virginia,Big 12,No,2020
47830c8c-3e98-4a7b-b0af-a2233b5c5b4a,Leki Fotu,DT,Utes Utah,Pac-12,No,2020
49ca27e6-243f-43cc-92ac-4bf167fad4eb,Arlington Hambright,OL,Buffaloes Colorado,Pac-12,No,2020
4c84d7a5-0e98-457a-8266-3b971be673be,Aaron Parker,WR,Rams Rhode Island,CAA,No,2020
4ec94709-c2a6-4ef2-8523-087cb054b179,Lamar Jackson,CB,Cornhuskers Nebraska,Big Ten,No,2020
4ea46c26-407a-4e57-9152-97037f58fbef,Markus Bailey,LB,Boilermakers Purdue,Big Ten,No,2020
4c1ff764-6d9f-4f84-add0-6607ac3be602,JJ Molson,K,Bruins UCLA,Pac-12,No,2020
529ea8cd-7c7c-46c8-ae62-602ea208d612,Christian Rector,DL,Trojans USC,Pac-12,No,2020
524f0a4f-638a-4598-b4ae-4851fe47c58f,Lavert Hill,DB,Wolverines Michigan,Big Ten,No,2020
54b51337-3923-4b67-9704-4b76c682fe11,Scott Frantz,OL,Wildcats Kansas State,Big 12,No,2020
54eeea6c-a3a8-490d-bcad-5bcf93c83574,Darryl Williams,OL,Bulldogs Mississippi State,SEC,No,2020
590d41f5-a330-4b9b-9fdb-daaf42b236bd,Darrion Daniels,DL,Cornhuskers Nebraska,Big Ten,No,2020
018436a7-3361-4745-98d9-ba1928b76e97,Yasir Durant,OL,Tigers Missouri,SEC,No,2020
04a2f4e7-0478-47cf-b68d-ff3af10dc452,Albert Okwuegbunam,TE,Tigers Missouri,SEC,Yes,2020
05ba500b-5f24-4aab-9568-32d8429272eb,Javon Leake,RB,Terrapins Maryland,Big Ten,No,2020
07fcaf8d-a4ce-4a86-ab1f-cbe99ca24aa5,James Robinson,RB,Redbirds Illinois State,Missouri Valley,No,2020
0a639638-e12e-436a-9466-40f21a02f0f9,Nick Coe,DE,Tigers Auburn,SEC,Yes,2020
07ba4831-ea8e-43ad-b282-240d8dccd96c,Tyler Bass,K,Eagles Georgia Southern,Sun Belt,No,2020
0b52856b-e1ad-40d1-8415-85024d26a295,L'Jarius Sneed,SAF,Bulldogs Louisiana Tech,Conference USA,No,2020
0b9a881d-6499-4562-a945-d018d08d46d1,AJ Dillon,RB,Eagles Boston College,ACC,Yes,2020
09c8e925-0c79-491d-852d-61597412c96e,Daishawn Dixon,OL,Aztecs San Diego State,Mountain West,No,2020
117eaf60-7b86-40be-ae40-7f43a05daddd,Josh Jones,OL,Cougars Houston,American Athletic,Yes,2020
0f0f0166-36c8-4dde-a8d5-3d0824cd9790,Ben Bartch,OL,Johnnies Saint John's (MN),Minnesota Intercollegiate Athletic Conference,No,2020
101b5337-52b6-4b37-873f-abe5ebf58a8a,Cole McDonald,QB,Warriors Hawaii,Mountain West,No,2020
11d79aa5-19b6-4b7d-8391-a20f06f25a04,Cam Akers,RB,Seminoles Florida State,ACC,Yes,2020
7d0db6b2-09b9-4a92-89ee-fb004db2e5e5,Shea Patterson,QB,Wolverines Michigan,Big Ten,No,2020
7ec0d7aa-6dc8-4169-b7ad-2fe878f43556,CJ Henderson,DB,Gators Florida,SEC,Yes,2020
81718df0-4fa9-4ed9-a2ca-a6e344e6deb0,Daniel Thomas,DB,Tigers Auburn,SEC,No,2020
81bebb29-4aa4-4520-b7ae-88e5bba3aa06,Isaiah Rodgers,CB,Minutemen Massachusetts,IA Independents,No,2020
8235b31c-1b56-43be-8dd5-778465b42d80,Kash Daniel,LB,Wildcats Kentucky,SEC,No,2020
86825d0b-5cfc-4e66-a434-d728a1d5e3bf,J.R. Reed,DB,Bulldogs Georgia,SEC,No,2020
86ba104d-5c22-47b6-bdfd-e5a31b5210cd,Colton Jackson,OL,Razorbacks Arkansas,SEC,No,2020
865e1522-0991-4f9f-ab92-b71cc2cce4be,Khaleke Hudson,LB,Wolverines Michigan,Big Ten,No,2020
89a9f460-3ca9-47d3-879d-e7750c424bda,Damon Arnette,CB,Buckeyes Ohio State,Big Ten,Yes,2020
8ea103a0-5d8a-4b72-909e-e79c19e91402,Kenny Willekes,DE,Spartans Michigan State,Big Ten,No,2020
8e1b758b-2765-465f-85c9-f6ad5008a433,Sam Sloman,K,,,No,2020
14157711-9f85-4051-b2dd-55033ada9474,Tyler Clark,DL,Bulldogs Georgia,SEC,No,2020
15c63d10-dded-4f87-bff4-118eb9a06244,Charlie Heck,OL,Tar Heels North Carolina,ACC,No,2020
162d351b-1c8b-464e-8290-41ca834caa41,Benito Jones,DL,Rebels Ole Miss,SEC,No,2020
11c3028d-438d-4f98-b06e-594855f1c8f4,Jake Luton,QB,Beavers Oregon State,Pac-12,No,2020
1723cc5f-2be4-469a-8e1c-56ad7d810b41,James Lockhart,DE,Bears Baylor,Big 12,No,2020
159c3ae9-2587-4394-ae1e-f2e75e7a2ab7,Jacob Eason,QB,Huskies Washington,Pac-12,Yes,2020
1569518c-541c-4454-8e98-051222132727,Raymond Calais,RB,Ragin' Cajuns Louisiana-Lafayette,Sun Belt,No,2020
17a4c360-7e78-4050-9792-9195d8602dc7,Bradlee Anae,DE,Utes Utah,Pac-12,Yes,2020
1c92fbfe-1245-4b09-ad5c-5b68557c937e,Shyheim Carter,DB,Crimson Tide Alabama,SEC,No,2020
69b9bc4d-54ca-41f2-8c22-967cb1b1ca00,Grayland Arnold,CB,Bears Baylor,Big 12,No,2020
6d13489c-94e4-48cf-81fc-27936f79639e,Jordan Johnson,OL,Knights UCF,American Athletic,No,2020
6e4f9e50-ea63-44fb-86cc-92cefa657c64,Trevon Hill,DL,Hurricanes Miami (FL),ACC,No,2020
6f750c08-ac3e-4d2c-890c-c414f8e8152e,Steve Wirtel,LS,Cyclones Iowa State,Big 12,No,2020
6f23f37a-5b2a-4a7b-bdb9-2f3e0d973410,David Woodward,LB,Aggies Utah State,Mountain West,No,2020
718e4c4b-9165-49b3-b0eb-516857ca150c,Isaiah Wilson,OL,Bulldogs Georgia,SEC,Yes,2020
72aa4352-9745-40fc-a30c-7315b8527575,Sewo Olonilua,RB,Horned Frogs TCU,Big 12,No,2020
782983b3-f394-42c5-af54-97a6c9f75c21,Gewhite Stallworth,OL,Bulldogs Louisiana Tech,Conference USA,No,2020
780498b8-11c5-491e-94ab-0347ca100fb7,Dominik Eberle,K,Aggies Utah State,Mountain West,No,2020
78c8bffd-d0ce-41ed-83dd-1e1d7be72654,Salvon Ahmed,RB,Huskies Washington,Pac-12,No,2020
7918e036-edf3-41b3-9fa6-379877b61ad3,Dezmon Patmon,WR,Cougars Washington State,Pac-12,No,2020
7d0c2607-9a15-4dfd-94d6-a243cc3bb186,Isaiah Coulter,WR,Rams Rhode Island,CAA,No,2020
1e4c9da5-dbb3-4ad5-b8ab-5b20f8e0cebd,John Raine,TE,Owls Florida Atlantic,Conference USA,No,2020
1b238038-395d-4495-9e16-38c616301b21,Hunter Atkinson,OT,Panthers Georgia State,Sun Belt,No,2020
1c524b31-290a-4aba-a1e5-1b7cfa17e912,Nathan Rourke,QB,Bobcats Ohio,Mid-American,No,2020
1b5d9573-160e-4bc3-a335-880455470d93,Tyler Johnson,WR,Golden Gophers Minnesota,Big Ten,No,2020
5ace6839-b9cd-4eb1-b463-7b54667b0edf,Juwan Johnson,WR,Ducks Oregon,Pac-12,No,2020
5b3acb15-59bb-400c-8bc9-930d04f1dfaa,Darnell Mooney,WR,Green Wave Tulane,American Athletic,No,2020
5c84b5fb-31bb-465a-bb1c-af60385c929f,K'Lavon Chaisson,OLB,Tigers LSU,SEC,Yes,2020
6008985e-e62a-469f-8da9-c313ab7cb000,Reggie Gilliam,TE,Rockets Toledo,Mid-American,No,2020
1fc542a7-8339-40c3-b894-7d6ad865a339,Jason Strowbridge,DL,Tar Heels North Carolina,ACC,Yes,2020
20dd89c2-1dde-4f42-af95-ed9a44c0487a,Tua Tagovailoa,QB,Crimson Tide Alabama,SEC,Yes,2020
2277d67e-83fd-4f6d-a1de-3590e20b86d4,Jaylinn Hawkins,SAF,Golden Bears California,Pac-12,No,2020
1f97d9cf-8657-4eee-9cf8-cce4f97c7a23,Chris Williamson,DB,Golden Gophers Minnesota,Big Ten,No,2020
29c07d97-f4c6-42ac-a372-73afab879152,Brian Lewerke,QB,Spartans Michigan State,Big Ten,No,2020
2a518495-3eac-42a5-ad4b-e5b32fde07d6,Myles Dorn,DB,Tar Heels North Carolina,ACC,No,2020
28536e5f-7cec-4f97-9f0e-8dca0f890fdf,Clay Johnston,LB,Bears Baylor,Big 12,No,2020
2865b84b-0dd9-4658-a4d9-7faa38df4405,D'Andre Swift,RB,Bulldogs Georgia,SEC,Yes,2020
2be2c242-6310-4f1e-a827-1e3b1144a465,Logan Wilson,LB,Cowboys Wyoming,Mountain West,Yes,2020
2c83dc8f-27f6-4c1c-8c15-fc8b04e0c180,Michael Danna,DL,Wolverines Michigan,Big Ten,No,2020
33409bff-b9ab-41b0-b1d7-124323a22df9,Jake Hanson,OL,Ducks Oregon,Pac-12,No,2020
34e6a823-6f21-4aca-b373-661540182129,Binjimen Victor,WR,Buckeyes Ohio State,Big Ten,No,2020
34d71810-9d2a-4d92-912f-62ebfd8d659e,Jonathan Garvin,DL,Hurricanes Miami (FL),ACC,No,2020
3657e663-c5ef-4270-bfaa-2756758db7f1,Luke Juriga,C,Broncos Western Michigan,Mid-American,No,2020
3849c498-2dd2-494e-9e90-b19276d965b6,Prince Tega Wanogho,OL,Tigers Auburn,SEC,Yes,2020
380cea33-70ae-4947-9a90-5ad6129f0f08,A.J. Terrell,CB,Tigers Clemson,ACC,Yes,2020
3ac6b36e-9b81-4d25-ac0d-39595693f58b,Tommy Kraemer,OL,Fighting Irish Notre Dame,IA Independents,No,2020
375a367a-3442-4b1f-87d4-f408e3ebc40a,Scottie Phillips,RB,Rebels Ole Miss,SEC,No,2020
3d7299fb-45e2-411f-8c5b-2b78d8a94817,Chase Vinatieri,K,Jackrabbits South Dakota State,Missouri Valley,No,2020
3e3cc48d-4d3d-4048-9395-91dfc1917ce4,J.J. Taylor,RB,Wildcats Arizona,Pac-12,No,2020
3f1b17b9-895a-430b-9b77-8502f759719a,Carter Coughlin,LB,Golden Gophers Minnesota,Big Ten,No,2020
3f9f4b89-b541-4b38-8de0-97afa1d224ad,Chauncey Rivers,DE,Bulldogs Mississippi State,SEC,No,2020
3f66abf3-0ec5-4a73-a7ca-61aaf84643c0,Alex Highsmith,DE,49ers Charlotte,Conference USA,No,2020
3e79059b-9a12-4147-8759-06b16191c5d5,Tommy Stevens,QB,,,No,2020
3fc92075-3242-4342-b899-2b7b5dc59ecf,Akeem Davis-Gaither,OLB,Mountaineers Appalachian State,Sun Belt,Yes,2020
3e96362b-8509-4593-8da1-e6073a00cda7,Drew Richmond,OT,Trojans USC,Pac-12,No,2020
3e1dd87f-9cec-4084-a20c-e5e7be4b66f3,Reggie Robinson II,CB,Golden Hurricane Tulsa,American Athletic,No,2020
cf800dd1-a28a-4cc2-8ee8-61349a6b9db3,KJ Hamler,WR,Nittany Lions Penn State,Big Ten,Yes,2020
d5144654-bc13-4492-835a-824f7bf52298,Solomon Kindley,OL,Bulldogs Georgia,SEC,No,2020
d57c2383-044a-4a62-9202-574d13babbf6,Hakeem Adeniji,OL,Jayhawks Kansas,Big 12,No,2020
d54e542b-babe-4b32-9f4a-c23af6fc6ad1,Evin Ksiezarczyk,OL,Bulls Buffalo,Mid-American,No,2020
d5c3563e-f1ea-442d-9208-00277ecffb19,Cohl Cabral,OL,Sun Devils Arizona State,Pac-12,No,2020
d70f6808-1896-4856-ba45-86c52f39b324,Michael Ojemudia,DB,Hawkeyes Iowa,Big Ten,No,2020
d7a29a35-cca3-425d-9e60-f3be8d069184,Jake Fromm,QB,Bulldogs Georgia,SEC,Yes,2020
da39d748-8b57-47eb-b719-47565dc87918,Jeff Okudah,CB,Buckeyes Ohio State,Big Ten,Yes,2020
d9aa47c9-441b-4b18-af77-91051f7613c6,Khalil Tate,QB,Wildcats Arizona,Pac-12,No,2020
dbe6d709-8960-4821-8422-a9cf9e02462c,Oluwole Betiku Jr.,DL,Fighting Illini Illinois,Big Ten,No,2020
dc6842ad-238d-40d9-877b-10ff193a115a,Kenneth Murray,LB,Sooners Oklahoma,Big 12,Yes,2020
ddcfdf57-da94-48a7-87fa-17e5f98cdd67,Dalton Keene,TE,Hokies Virginia Tech,ACC,No,2020
df75cd75-b2d2-4f9d-b0d9-4f009518c1b8,Case Cookus,QB,Lumberjacks Northern Arizona,Big Sky,No,2020
dfa2b370-bdc8-4ab8-b2b8-020165b3dcdd,Lynn Bowden Jr.,QB,Wildcats Kentucky,SEC,No,2020
e1571134-d351-431b-b3b7-4a23e217b280,DeMarkus Acy,DB,Tigers Missouri,SEC,No,2020
e1d3e9b0-3ee2-4107-bb8e-34d13cd6b0bc,Jon Runyan,OL,Wolverines Michigan,Big Ten,No,2020
e5457f8e-219c-4505-b5b6-6f09972d7636,Brandon Jones,DB,Longhorns Texas,Big 12,No,2020
e63aec77-baf9-4a6e-b266-b4c9a2e877d4,Adam Trautman,TE,Flyers Dayton,Pioneer,Yes,2020
b7716a60-4d4e-4653-9b0d-78dc5b733d55,Blake Ferguson,LS,Tigers LSU,SEC,No,2020
b7116520-2836-4332-ab4a-12453f76c109,Braden Mann,P,Aggies Texas A&M,SEC,No,2020
b8f154e7-3399-4e70-a1b2-abe9d4cd218c,Tae Crowder,LB,,,No,2020
c2f146dd-0197-4b0b-b74e-bda6b3e85e29,Victor Johnson,OL,Mountaineers Appalachian State,Sun Belt,No,2020
c477cf21-06ee-4893-b971-fc8efeeff137,Zack Johnson,OT,Bison North Dakota State,Missouri Valley,No,2020
c8427d21-4ec9-4303-b8a7-b563ccc64b7a,Cam Brown,LB,Nittany Lions Penn State,Big Ten,No,2020
9c8ede95-5259-4a20-9de7-72adeb8ff048,Charlie Taumoepeau,TE,Vikings Portland State,Big Sky,No,2020
9d257673-c8d0-4658-88fe-77cf824222af,Gabriel Davis,WR,Knights UCF,American Athletic,No,2020
9cddd3ac-f78b-4ba8-ac23-98e23040f1a8,LaDarius Hamilton,DE,Mean Green North Texas,Conference USA,No,2020
9c3b5971-ad8c-441b-9c8e-481afa7cc8d8,Michael Pittman Jr.,WR,Trojans USC,Pac-12,Yes,2020
9e3d2275-39df-42af-85b9-56ff5d718eb7,Lawrence Cager,WR,Bulldogs Georgia,SEC,No,2020
a17f5988-298a-4214-b556-29b3f3d8f11b,Dane Jackson,DB,Panthers Pittsburgh,ACC,No,2020
a1cab4cf-e917-4fe7-9344-da07de411e5d,Andrew Thomas,OL,Bulldogs Georgia,SEC,Yes,2020
a3ea8167-2892-4408-bb46-4f5e36fbeee0,Jordan Elliott,DL,Tigers Missouri,SEC,Yes,2020
a4fe71a4-8caa-4ca2-9a66-1ade48fd1d65,Anthony McFarland Jr.,RB,Terrapins Maryland,Big Ten,Yes,2020
97758cd9-959e-4677-84ce-0a11aef6b967,Jordan Fuller,SAF,Buckeyes Ohio State,Big Ten,No,2020
95a01f02-3358-4b6b-ac07-e954d8d4dc42,D.J. Wonnum,LB,Gamecocks South Carolina,SEC,No,2020
98e38dcf-dc04-42c8-abcf-4eac456b5201,James Proche,WR,Mustangs SMU,American Athletic,No,2020
992f2f6a-1366-492a-8aa2-1ee484c02bc2,Alex Taylor,OL,Bulldogs South Carolina State,MEAC,No,2020
c82fb2ac-7c7a-4082-a7ce-d09cdcfa30c0,Davon Hamilton,DT,Buckeyes Ohio State,Big Ten,No,2020
c9bd0717-3294-4e28-93d3-20834c4c1f16,Cameron Bell,OL,Rockets Toledo,Mid-American,No,2020
cc7a7baa-957f-4817-be7b-f932536b5b4f,Curtis Weaver,LB,Broncos Boise State,Mountain West,Yes,2020
ce2b3dae-8630-43c2-a04f-7214cdce2105,John Molchon,OL,Broncos Boise State,Mountain West,No,2020
a7f7e1e7-316f-4a9e-aa47-07ecd9c502f8,Justin Herbert,QB,Ducks Oregon,Pac-12,Yes,2020
a8ec0450-4695-4d08-b0ff-4dd1d5058e2f,Charlie Woerner,TE,Bulldogs Georgia,SEC,No,2020
a9190634-307a-4d42-91f6-e5b1570aa142,Stantley Thomas-Oliver III,DB,Golden Panthers Florida International,Conference USA,No,2020
a909760d-4746-48ee-933e-7b254696298e,Kevin Dotson,OL,Ragin' Cajuns Louisiana-Lafayette,Sun Belt,No,2020
ab71495a-1406-4d93-a828-10df470b0b48,Kristian Fulton,CB,Tigers LSU,SEC,Yes,2020
ae791883-7048-48b0-ba58-7c39e7c29742,Julian Blackmon,DB,Utes Utah,Pac-12,No,2020
b0637fcf-a1f4-413d-a767-972ec9298472,Josiah Scott,CB,Spartans Michigan State,Big Ten,No,2020
b2bba0aa-7265-4aba-b8a0-38281e1c82ad,Jordan Mack,LB,Cavaliers Virginia,ACC,No,2020
b33f6912-fc19-4ea8-ac68-b6121e62a0a0,Xavier McKinney,DB,Crimson Tide Alabama,SEC,Yes,2020
b3a241b6-f732-48c1-bc74-781d62490f93,Easop Winston Jr.,WR,Cougars Washington State,Pac-12,No,2020
e7c4bdeb-e3bb-4e51-9f7e-4a8514e13a32,Matt Peart,OL,Huskies Connecticut,American Athletic,No,2020
e7822b0b-8a64-49bd-9959-8087adf3bde7,James Smith-Williams,DE,Wolfpack North Carolina State,ACC,No,2020
e82d4ce7-4c39-49e1-a5d4-cb7a7c83822e,Terrell Lewis,LB,Crimson Tide Alabama,SEC,Yes,2020
e8dacddc-8a07-4dfb-8350-b8738dfd2228,T.J. McCoy,OL,Cardinals Louisville,ACC,No,2020
eab72a88-19e3-4547-bebb-e79632e7db34,Arryn Siposs,P,Tigers Auburn,SEC,No,2020
ef655aa9-a4c7-4c18-acfa-46f5f7df05b9,Nevelle Clarke,DB,Knights UCF,American Athletic,No,2020
efa30dbb-c859-4328-8d1e-575fc65b0c00,Broderick Washington Jr.,DL,Red Raiders Texas Tech,Big 12,No,2020
f1d290f1-c206-4c84-a381-84c708427f78,Justin Madubuike,DL,Aggies Texas A&M,SEC,Yes,2020
f970c8e6-b9a7-47a7-b4bb-4e9dd2022111,Rico Dowdle,RB,Gamecocks South Carolina,SEC,No,2020
f912ef25-98e0-44a8-b039-3cd3f5a4f03c,Elijah Sindelar,QB,Boilermakers Purdue,Big Ten,No,2020
fa52bdbf-facf-49d4-9631-08121b64db98,Kamren Curl,DB,Razorbacks Arkansas,SEC,No,2020
fa40f4ef-00ab-4ccd-9f42-3332291021e6,Tyrie Cleveland,WR,Gators Florida,SEC,No,2020
1fae28ee-f0de-4316-858b-b05231ed3c4e,Alex Leatherwood,OL,Crimson Tide Alabama,SEC,Yes,2021
20ba8f82-323e-4d2a-b986-bbb7ae95ec0f,Houston Heimuli,FB,Cardinal Stanford,Pac-12,No,2021
224a2562-29e2-41fd-bae3-64bdd0239695,Billy McCrary III,RB,Wildcats Abilene Christian,Southland,No,2021
23b9544a-6ea1-4ae0-9980-a758ab983ad0,Taylor Riggins,DE,Bulls Buffalo,Mid-American,No,2021
2525ca74-6406-4306-9d50-15d5c32554b8,Zane Zandier,LB,Cavaliers Virginia,ACC,No,2021
24e0e93b-8123-4674-9bd7-ef54cf683872,Jordan Fox,OLB,Cardinal Stanford,Pac-12,No,2021
2770b98d-f2bc-4d75-9599-695471501508,Aaron Robinson,DB,Knights UCF,American Athletic,Yes,2021
287702e6-0ddd-4028-994d-69fac2fcf17a,Noah Gray,TE,Blue Devils Duke,ACC,No,2021
252af2bf-edb2-4142-b96c-fcdbd46475c1,Baveon Johnson,OL,Seminoles Florida State,ACC,No,2021
2545f633-9940-46ab-aa7f-d2404cc871ee,Carlo Kemp,DL,Wolverines Michigan,Big Ten,No,2021
2cf7548a-4047-4fa7-8202-acc9e0176168,Chris Wilcox,DB,Cougars Brigham Young,IA Independents,No,2021
2dc2da22-5b48-418c-9628-e57965fa4980,Artayvious Lynn,TE,Horned Frogs TCU,Big 12,No,2021
2d899076-8463-48d3-8b93-fe0781056650,Darrick Forrest,SAF,Bearcats Cincinnati,American Athletic,No,2021
3100650d-73f0-4cca-bdfb-b76ab99c774c,LaBryan Ray,DL,Crimson Tide Alabama,SEC,No,2021
2ba2390e-2498-412e-a220-d7e55df30fb2,Andre Cisco,DB,Orange Syracuse,ACC,Yes,2021
31c4e834-43b3-43ba-a3f3-971a2cfde928,Tony Fields II,LB,Mountaineers West Virginia,Big 12,No,2021
355849aa-9f21-4e9f-8dbf-7606da865c93,Brandin Echols,CB,Wildcats Kentucky,SEC,No,2021
355e1fe0-2b44-4509-890c-b09fe7f9c0e0,Jabril Cox,LB,Tigers LSU,SEC,Yes,2021
3504f9db-73c1-4bda-a084-61d87ce39a64,Justin Henderson,RB,Bulldogs Louisiana Tech,Conference USA,No,2021
357cc81a-608f-425f-a1fe-36957f44a3e5,Joshua Kaindoh,DE,Seminoles Florida State,ACC,No,2021
33bfc065-9cbf-48e4-8d8d-720fb8f5f45f,David Curry,LB,Yellow Jackets Georgia Tech,ACC,No,2021
36824298-cb1a-4fb9-b988-b42f2ebd123e,Drake Jackson,C,Wildcats Kentucky,SEC,No,2021
36647c06-5313-4bbb-aa09-1bc39a73fc20,Trey Ragas,RB,Ragin' Cajuns Louisiana-Lafayette,Sun Belt,No,2021
392505ce-9d96-4229-bc0b-44756ddb348c,Jeremiah Owusu-Koramoah,LB,Fighting Irish Notre Dame,ACC,Yes,2021
39e6c135-96be-4bef-8457-6d82ee60e76e,Tyree Gillespie,SAF,Tigers Missouri,SEC,No,2021
3c0f0d57-bdda-483c-86c6-0b95544aa556,Marlon Williams,WR,Knights UCF,American Athletic,No,2021
3fde3b7e-e469-4e9d-91ec-d258accc34d6,Khalil Herbert,RB,Hokies Virginia Tech,ACC,No,2021
40153158-3656-4c42-9b50-3f7ef2f5f40a,Brett Heggie,OL,Gators Florida,SEC,No,2021
3ad84e6c-0480-4426-831c-77af087cb9fe,Dan Moore Jr.,OL,Aggies Texas A&M,SEC,No,2021
4201fba2-8373-488d-8b69-02db055b85ea,Jake Hansen,LB,Fighting Illini Illinois,Big Ten,No,2021
41fefa93-ee07-4189-ac04-25b2bdb26da4,Mac Jones,QB,Crimson Tide Alabama,SEC,Yes,2021
425cd774-c58e-4233-acd1-2f61f669bdc6,AJ Parker,DB,Wildcats Kansas State,Big 12,No,2021
43dec579-ad03-4b13-a42f-b1e310132d65,Joe Tryon,OLB,Huskies Washington,Pac-12,Yes,2021
4756998f-5f27-4fcf-8c6b-d2f16c4e7c29,Zech McPhearson,DB,Red Raiders Texas Tech,Big 12,No,2021
48afc94d-4c80-4ee8-b8e4-a674907665dd,Dazz Newsome,WR,Tar Heels North Carolina,ACC,No,2021
499f9ad7-22ba-40ca-9c94-e3a9bb4d9dfe,Trey Sermon,RB,Buckeyes Ohio State,Big Ten,Yes,2021
4d2571cf-f09e-4c8b-982a-589ef2f00416,Jermar Jefferson,RB,Beavers Oregon State,Pac-12,No,2021
4d902f27-5df2-48cc-8bf0-6e59faa2d5c4,Zach Davidson,TE,,,No,2021
519eec64-e8e3-453d-a9e5-12eeab00941d,Boe Wilson,OL,Cornhuskers Nebraska,Big Ten,No,2021
530b0e35-9f2a-4ff2-8941-4e4da17ec7ff,Victor Dimukeje,DE,Blue Devils Duke,ACC,No,2021
538e3daf-6f21-4443-aa80-45b5045a3cb9,Emmanuel Jones,LB,Rams Colorado State,Mountain West,No,2021
53c93fff-20f4-4688-8459-b2e7e537c16b,Divine Deablo,DB,Hokies Virginia Tech,ACC,No,2021
56cd1091-aaf0-4ebc-8702-f1079fec9239,Dillon Radunz,OT,Bison North Dakota State,Missouri Valley,Yes,2021
58b62037-ca7c-4d51-80d9-5381b02b9cec,Jah-Maine Martin,RB,Aggies North Carolina A&T,MEAC,No,2021
583763b8-335b-4e5f-b462-230a9fd3f9ee,Micheal Clemons,DL,Aggies Texas A&M,SEC,No,2021
59422090-1eb5-4b3b-8b88-4f930d964363,Austin Faoliu,DT,Ducks Oregon,Pac-12,No,2021
595e4b65-2de9-4911-89b0-c969e9413413,Samuel Cosmi,OL,Longhorns Texas,Big 12,Yes,2021
5970446b-9c58-4bbf-96ca-bf354aaede1b,Terrell Jana,WR,Cavaliers Virginia,ACC,No,2021
5ad3590d-86a4-409f-b95f-6a37aa3fc8ab,Cole Banwart,G,Hawkeyes Iowa,Big Ten,No,2021
5eebeee3-c932-401e-944e-556232605514,Buddy Johnson,LB,Aggies Texas A&M,SEC,No,2021
5fc07f62-6a72-4771-9ca7-df397f88737b,Racey McMath,WR,Tigers LSU,SEC,No,2021
5c7bc522-0c13-44d8-98cc-62bbb0a0da31,Andre Anthony,OLB,Tigers LSU,SEC,No,2021
61f0a091-8eb1-4e37-8569-b61e4ba2f68c,Connor Wedington,WR,Cardinal Stanford,Pac-12,No,2021
0cc8f733-c6c2-4a30-beb6-59fcfbb6fc2d,LaRon Stokes,DL,Sooners Oklahoma,Big 12,No,2021
0e0fa4bf-cfc6-47ef-960b-c64b399b11c7,Ifeatu Melifonwu,DB,Orange Syracuse,ACC,Yes,2021
0fa14494-a1d7-40b9-baf7-15a5748a949d,Marlon Tuipulotu,DL,Trojans USC,Pac-12,No,2021
10d2ca2f-0297-4329-9caf-4aeb14c4c0a5,Justin Hilliard,LB,Buckeyes Ohio State,Big Ten,No,2021
138a0001-71d7-44bc-9cb6-2a39d822b4a5,K.J. Britt,LB,Tigers Auburn,SEC,No,2021
151cdfd7-920c-4ade-a8be-b405e1825587,William Bradley-King,OLB,Bears Baylor,Big 12,No,2021
1535f7bb-cbb4-4f99-91a3-b1d06796179c,Brad Hawkins,DB,Wolverines Michigan,Big Ten,No,2021
16c45c86-b217-415f-91df-b287b41b934e,DeVonta Smith,WR,Crimson Tide Alabama,SEC,Yes,2021
16117e33-ce3f-4b53-8dce-c68786fa268d,Rondale Moore,WR,Boilermakers Purdue,Big Ten,Yes,2021
18a23f6e-7107-437a-aa73-96854a9b5c18,Foster Sarell,OT,Cardinal Stanford,Pac-12,No,2021
198f3a69-c1c0-41ba-8f9b-0a0cc69e87c2,K.J. Costello,QB,Bulldogs Mississippi State,SEC,No,2021
1f51d4c8-a8f2-4dcd-a290-4e2fa5da88f2,Tarik Black,WR,Longhorns Texas,Big 12,No,2021
71529977-d7b0-4bf3-8e06-02a9c7b2f62d,Javon McKinley,WR,Fighting Irish Notre Dame,ACC,No,2021
71755c89-ac4d-4020-9848-0901fbd8cbd8,Tristen Hoge,OL,Cougars Brigham Young,IA Independents,No,2021
7414c88b-2ea1-4212-b7d0-01a87a9f5516,Luke Campbell,OL,Spartans Michigan State,Big Ten,No,2021
729bc4d2-edf7-45fc-ba3d-587c4446ea02,Azeez Ojulari,OLB,Bulldogs Georgia,SEC,Yes,2021
74655016-4f87-494d-8beb-c0e1bb135a67,Lawrence Woods,CB,,,No,2021
76717855-245f-4f20-84ff-c41706566566,Trey Smith,OL,Volunteers Tennessee,SEC,Yes,2021
033f1ba0-12dc-4366-b5ca-aac5bcf81d0b,Mike Boykin,DE,Lions North Alabama,Big South,No,2021
038b68e7-de06-4bb9-a513-3ff207e77f2c,Monty Rice,LB,Bulldogs Georgia,SEC,No,2021
00bd0d00-c8c4-4550-890c-8165ca4e2678,Riley Cole,LB,Jaguars South Alabama,Sun Belt,No,2021
04f7c326-5fd6-4cdb-ad10-e99b06385db1,Tre Walker,WR,Spartans San Jose State,Mountain West,No,2021
054af846-f7bd-4462-b257-ac4eaf1d8628,Talanoa Hufanga,SAF,Trojans USC,Pac-12,No,2021
0a4ab3d1-8463-46dd-b284-bb7e7acb66be,Chazz Surratt,LB,Tar Heels North Carolina,ACC,Yes,2021
0a83bdf9-2884-4410-a40e-e020f15b5426,Elerson G. Smith,DL,Panthers Northern Iowa,Missouri Valley,No,2021
0bd870d8-1f93-4ede-9fef-e3ea076d8749,Jimmy Morrissey,OL,Panthers Pittsburgh,ACC,No,2021
64a3f563-c23b-4a69-829f-3b7ec2ef335c,Changa Hodge,WR,Hokies Virginia Tech,ACC,No,2021
65bfa286-2ab7-4f8c-9c69-c5063146b18e,Carlos Basham Jr.,DL,Demon Deacons Wake Forest,ACC,Yes,2021
6c5734b0-3e5a-48e1-a380-d3a4b1c3c111,Jalen Mayfield,OL,Wolverines Michigan,Big Ten,Yes,2021
6c46cd11-f0e0-4cb3-8773-7564f069f2ea,Bryce Mathews,OL,Flames Liberty,IA Independents,No,2021
6d976ab5-a4a5-41dc-b681-7c0eb18ea0de,Marlon Character,CB,Cardinals Louisville,ACC,No,2021
6d822642-0e81-4056-92ae-78ed5390536d,Abdul Adams,RB,Orange Syracuse,ACC,No,2021
791f0843-428b-4df4-941c-8f8f864f6bef,Elijah Hicks,SAF,Golden Bears California,Pac-12,No,2021
7abfe8ae-087c-43eb-b3e3-c2e4020a667f,Nick Eubanks,TE,Wolverines Michigan,Big Ten,No,2021
7ca189c5-ceac-4857-830e-08008908c4c1,Ambry Thomas,DB,Wolverines Michigan,Big Ten,No,2021
1884882c-5fae-4802-ba9f-891c5de34667,Robert Hainsey,OL,Fighting Irish Notre Dame,ACC,No,2021
19d880a3-295f-4772-bd20-edc39423f6b9,Khyiris Tonga,DL,Cougars Brigham Young,IA Independents,No,2021
1df19c28-2e78-467e-b760-39e0bfa65ba2,Tavante Beckett,LB,Thundering Herd Marshall,Conference USA,No,2021
1f506fde-8f99-4d2d-ae8a-6d4107e718de,Pat Freiermuth,TE,Nittany Lions Penn State,Big Ten,Yes,2021
6411c0fd-5203-457f-9da4-7405e5e30028,DJ Daniel,DB,Bulldogs Georgia,SEC,No,2021
7d951da7-43f8-4d32-b080-9d2446c9aca9,Joshuah Bledsoe,SAF,Tigers Missouri,SEC,No,2021
acbfbf47-ef1f-4dd5-a94f-85705ba82f96,Jose Borregales,K,Hurricanes Miami (FL),ACC,No,2021
ab837af1-3423-4864-93dc-c5501558eaf4,Jarell White,LB,Bearcats Cincinnati,American Athletic,No,2021
adfda488-e2c7-4132-9dec-a0fb5af7c747,Daelin Hayes,DL,Fighting Irish Notre Dame,ACC,No,2021
ad9727d8-1458-472a-85f1-4a7675af3cd9,Payton Turner,DE,Cougars Houston,American Athletic,Yes,2021
b0e93330-c016-48a3-8bd8-e915c36af00d,Michael Carter II,SAF,Blue Devils Duke,ACC,No,2021
b279e20c-7a88-4026-b409-b61c058fd52a,Shane Simpson,RB,Cavaliers Virginia,ACC,No,2021
b2dc4695-4b73-48ff-bd22-e78035dc4839,Damon Hazelton,WR,Tigers Missouri,SEC,No,2021
b3696230-f60f-4b36-a50a-1dc0b1e36f49,Kendrick Green,OL,Fighting Illini Illinois,Big Ten,No,2021
b3e26941-2a74-4b73-bd08-b1ade7eaa94c,Roy Lopez,DL,Wildcats Arizona,Pac-12,No,2021
b49346fa-9077-488c-b998-e31bcb4b97f2,Kwity Paye,DL,Wolverines Michigan,Big Ten,Yes,2021
b537dd12-02e2-40ad-b359-eff69203e831,Shemar Jean-Charles,DB,Mountaineers Appalachian State,Sun Belt,No,2021
b798ca5e-9357-464a-85f3-f97f5ea0b544,Jaret Patterson,RB,Bulls Buffalo,Mid-American,No,2021
b89ea649-46dd-40ac-8c2c-c6dca103f23c,Dyami Brown,WR,Tar Heels North Carolina,ACC,Yes,2021
bdb67f3a-0ae6-4602-9ef8-248c05c824ce,Matt Hankins,DB,Hawkeyes Iowa,Big Ten,No,2021
bde3bf7b-786c-427f-9828-f9eb3e6219dc,Kellen Mond,QB,Aggies Texas A&M,SEC,Yes,2021
be4c0425-4199-4d21-8036-70ec64c0dc00,Richard LeCounte,DB,Bulldogs Georgia,SEC,Yes,2021
bee21668-283d-4a43-938a-23e022ec614a,Chris Rumph II,DE,Blue Devils Duke,ACC,Yes,2021
c03954ea-37e8-4542-be79-3b8014d1ab0c,Max Richardson,LB,Eagles Boston College,ACC,No,2021
c3ae2707-8d7c-4382-a70e-b5b53c6b42de,JD Spielman,WR,Horned Frogs TCU,Big 12,No,2021
c4f6eac0-cf45-4e87-b666-27d972e4ed83,Shakif Seymour,RB,Rockets Toledo,Mid-American,No,2021
c6589118-93fa-48e7-9bf7-cd26408c6725,Rashawn Slater,OL,Wildcats Northwestern,Big Ten,Yes,2021
c7abd1a5-0fe3-417a-a4c1-974d631e9d6e,Chauncey Golston,DL,Hawkeyes Iowa,Big Ten,No,2021
c53411d2-a356-495a-8258-af99d4b717d9,Michael Carter,RB,Tar Heels North Carolina,ACC,Yes,2021
7e993aec-cdb0-47ce-895f-513813800777,Elijah Sullivan,LB,Wildcats Kansas State,Big 12,No,2021
7dcf8063-06ef-4b32-9ca9-6ba2425be945,Jacob Harris,WR,Knights UCF,American Athletic,No,2021
81925fe6-d55a-4833-ab6b-04022144b6d8,Hunter Kampmoyer,TE,Ducks Oregon,Pac-12,No,2021
81438ffb-6a27-4e2d-8a5f-7fb536e7f379,Brad Stewart Jr.,DB,Gators Florida,SEC,No,2021
802ff3e4-ef3c-4e2e-a9f8-a40f505eac14,Pro Wells,TE,Horned Frogs TCU,Big 12,No,2021
8266849d-984c-4192-833a-e09d81ce1739,Troy Andersen,LB,Bobcats Montana State,Big Sky,No,2021
8288073e-c624-48f5-a9f6-5eedea2ed677,Sam Webb,CB,,,No,2021
861d8329-958d-4b1a-91e0-4c0818ede477,Rayshard Ashby,LB,Hokies Virginia Tech,ACC,No,2021
84b10c78-cfa8-40d4-8b21-fff7ea2a1258,Kenny Randall,DT,,,No,2021
8458c2d9-dc6d-4361-b2ad-e6ac403fd5e5,C.J. Morgan,SAF,Bulldogs Mississippi State,SEC,No,2021
87c1936c-03cf-4e01-a18f-24fe4a1b0d1e,Kobie Whiteside,DL,Tigers Missouri,SEC,No,2021
87ec99d3-ba7d-4ff0-9428-f090ddb84f31,Michael Pitts,LB,Bearcats Cincinnati,American Athletic,No,2021
883f77f2-bff1-4604-b798-6cc495c7f451,Patrick Surtain II,DB,Crimson Tide Alabama,SEC,Yes,2021
8cca00d5-5306-46d5-b435-b972412d53e8,Amon-Ra St. Brown,WR,Trojans USC,Pac-12,No,2021
8ce53eb1-632e-4464-9fb3-aa1fd4ba54d3,Benjamin St-Juste,DB,Golden Gophers Minnesota,Big Ten,Yes,2021
8da27ea4-40ca-4c00-b55b-a63f4e04f8a9,Camaron Cheeseman,LS,Wolverines Michigan,Big Ten,No,2021
8edd2189-43a3-453d-9484-f6e551678e95,Davis Mills,QB,Cardinal Stanford,Pac-12,No,2021
9162d3b8-7201-4e47-8e2e-e2a9e655ac34,Hamilcar Rashed Jr.,OLB,Beavers Oregon State,Pac-12,No,2021
916f21a3-d010-49be-88c4-927fa7587690,Isaiah Kaufusi,LB,Cougars Brigham Young,IA Independents,No,2021
ce930afc-2715-4fd8-b18f-2aedf85e4db5,Aaron Banks,OL,Fighting Irish Notre Dame,ACC,Yes,2021
cec9df24-f6f9-4da9-bfb3-b6309f4f1c20,Jaylon Moore,OT,Broncos Western Michigan,Mid-American,No,2021
cfbb954c-fcbd-4b33-9f71-7e5d50572f1b,Damar Hamlin,DB,Panthers Pittsburgh,ACC,No,2021
d0f43ca9-075b-4979-9321-a35a7f3293cf,Gerrid Doaks,RB,Bearcats Cincinnati,American Athletic,No,2021
d4555947-1b18-49a0-8017-24c26aaf3cba,Marco Wilson,CB,Gators Florida,SEC,No,2021
d4d84922-e888-4cba-a8e7-6f40afe30cc2,Blake Gallagher,LB,Wildcats Northwestern,Big Ten,No,2021
d4a60c16-9e45-4269-a6d3-d597f101a500,Tutu Atwell,WR,Cardinals Louisville,ACC,Yes,2021
d606341e-9229-4d14-9448-da4299d6a109,Chris Brown,SAF,Longhorns Texas,Big 12,No,2021
d69b8e3a-7b04-40ac-b202-bbbf387b9c10,Trevor Lawrence,QB,Tigers Clemson,ACC,Yes,2021
df20f738-32e9-4b17-9d08-04418a459636,Nico Collins,WR,Wolverines Michigan,Big Ten,Yes,2021
9337d230-d6e4-4fe0-b321-6e26c05ecf75,Austin Watkins,WR,Blazers UAB,Conference USA,No,2021
9432bb65-997b-4e14-bc12-7cde90054d73,Jake Curhan,OT,Golden Bears California,Pac-12,No,2021
96d5521c-9376-4832-8357-0cfca0d7bfba,Tyree Thompson,LB,Bulls Buffalo,Mid-American,No,2021
96c41a65-09c7-4dc6-9820-22007bb93e2c,Erroll Thompson,LB,Bulldogs Mississippi State,SEC,No,2021
983cd43f-2ca2-4039-9880-8536ad5371e9,Charles Snowden,OLB,Cavaliers Virginia,ACC,No,2021
98288e46-cda3-4b03-821b-e9cba650beae,Tyler Shelvin,DT,Tigers LSU,SEC,No,2021
992d31f7-0b4e-454a-891a-eb6c95c19249,Caleb Kelly,LB,Sooners Oklahoma,Big 12,No,2021
9fd4534b-d0ae-437c-9f6b-510ba1055456,Isaiahh Loudermilk,DE,Badgers Wisconsin,Big Ten,No,2021
a117867e-287b-4174-ad5d-ea7c5085330c,Mike Hampton,DB,Bulls South Florida,American Athletic,No,2021
a88eb0db-08c3-4380-a1f4-66aff8a5e3b0,Mustafa Johnson,DE,Buffaloes Colorado,Pac-12,No,2021
aac4a85c-d049-4140-b15d-f8386266c06e,Dax Milne,WR,Cougars Brigham Young,IA Independents,No,2021
ac061be1-178f-420c-b8cc-dfe21bcfefe7,T.J. Vasher,WR,Red Raiders Texas Tech,Big 12,No,2021
ac78f500-53b6-4e32-8a19-0a6e007854c0,Rachad Wildgoose Jr.,CB,Badgers Wisconsin,Big Ten,No,2021
c7801457-7923-40cf-bc38-cc853bd8cfac,Marcus Williams Jr.,RB,Mountaineers Appalachian State,Sun Belt,No,2021
c673244b-ea2f-4c84-a978-452b18005d83,Nick McCloud,CB,Fighting Irish Notre Dame,ACC,No,2021
c8717fa4-99e0-4863-8e11-2330657867e6,Lorenzo Neal,DT,Boilermakers Purdue,Big Ten,No,2021
cd265651-2094-44fc-b934-ef8d7b32a6a0,Ky'el Hemby,SAF,Golden Eagles Southern Miss,Conference USA,No,2021
e4c2ff8a-92e2-455c-8abd-4c1911481306,Riley Lees,WR,Wildcats Northwestern,Big Ten,No,2021
e2606b2a-42f5-4522-ad79-b60f02c6e1cb,Ja'Marr Chase,WR,Tigers LSU,SEC,Yes,2021
e4ee02d4-61d8-4825-a668-b56a1a2db21f,Jordon Scott,DT,Ducks Oregon,Pac-12,No,2021
e569bb76-4708-4e0b-ad04-001c97085dbe,Justin Rigg,TE,Wildcats Kentucky,SEC,No,2021
e6b4ac52-9fc0-47dc-a696-e404cf5365d8,Malik Herring,DL,Bulldogs Georgia,SEC,No,2021
e6d0a4ea-1369-4d5f-8e2e-30c5761614f9,Trevon Grimes,WR,Gators Florida,SEC,No,2021
e6c1f576-a565-412d-8c46-a4ca66998fec,Luke Farrell,TE,Buckeyes Ohio State,Big Ten,No,2021
e7116656-0d3d-4096-b696-10587f16b2e5,Terrace Marshall Jr.,WR,Tigers LSU,SEC,Yes,2021
e2069b5b-68fe-4886-a9eb-bbf05dc3ce07,Sam Ehlinger,QB,Longhorns Texas,Big 12,No,2021
e270f09a-0adb-4dce-9a19-140330ed294c,Gary Brightwell,RB,Wildcats Arizona,Pac-12,No,2021
e8927e97-ec67-4a13-b240-fdf9ce65e091,Shawn Davis,DB,Gators Florida,SEC,No,2021
e93e860e-ec68-40ac-9b13-8d1babfd9a7d,Micah Parsons,LB,Nittany Lions Penn State,Big Ten,Yes,2021
eb13e1b6-f3a3-43a3-ae61-a5ee349f61bd,Cameron Sample,DE,Green Wave Tulane,American Athletic,No,2021
ebd838fb-e65e-45ab-a45c-e4c470bede94,Chris Evans,RB,Wolverines Michigan,Big Ten,No,2021
ece1037e-d1f8-458e-b6c1-abdd44f38ae1,Tre Nixon,WR,Knights UCF,American Athletic,No,2021
ed48c244-d791-44ac-b3dc-daf4891a23e7,Tarron Jackson,DE,Chanticleers Coastal Carolina,Sun Belt,No,2021
eee6f6a6-dd12-4f8b-9d50-1951497ca329,John Bates,TE,Broncos Boise State,Mountain West,No,2021
eb85a2c4-f8f0-45d6-abb1-bd6792a64453,Zaven Collins,LB,Golden Hurricane Tulsa,American Athletic,Yes,2021
f020b1f1-81a1-47fc-95e9-365229c40340,Josh Imatorbhebhe,WR,Fighting Illini Illinois,Big Ten,No,2021
f189fc4c-4b13-4536-8fab-4976d99f71c2,Eli Howard,DL,Red Raiders Texas Tech,Big 12,No,2021
f404a676-b2ba-4265-b80d-726a77c37578,Treshaun Hayward,LB,Broncos Western Michigan,Mid-American,No,2021
f47da012-60e9-4cbb-baae-f6cd339e25d9,Brady Christensen,OL,Cougars Brigham Young,IA Independents,No,2021
f4b2e3e4-6187-4ab8-92cf-1a41b138a932,Earnest Brown IV,DE,Wildcats Northwestern,Big Ten,No,2021
f64a5e2b-d18f-43c5-91ec-39231846d663,Coney Durr,DB,Golden Gophers Minnesota,Big Ten,No,2021
f6b696c0-7f27-4510-9dad-07e1c3eec50c,Jayson Oweh,DE,Nittany Lions Penn State,Big Ten,Yes,2021
f6966de4-d724-477d-beb3-dde728ec417b,Ernest Jones,LB,Gamecocks South Carolina,SEC,No,2021
f8115100-a194-423e-8658-987f5e4562db,Jevon Holland,SAF,Ducks Oregon,Pac-12,Yes,2021
f81aee7c-a579-4aef-95ad-3cce8b57be4a,Josiah Bronson,DL,Huskies Washington,Pac-12,No,2021
ea0cf96d-5beb-401f-876f-4dd442b3b43e,De'Vante Cross,FS,Cavaliers Virginia,ACC,No,2021
fa709e11-c553-4b35-a63e-a81c16c8014e,Wyatt Davis,OL,Buckeyes Ohio State,Big Ten,Yes,2021
fa6efac7-4893-4e9f-91a6-456b7c2325d3,Camryn Bynum,CB,Golden Bears California,Pac-12,No,2021
fc145311-7e6c-4eef-ac06-feceec9f591c,Kevin Jarvis,G,Spartans Michigan State,Big Ten,No,2021
445d88d8-d6bc-4d74-9374-dec746948dbc,Danny Godlevske,OL,Cowboys Oklahoma State,Big 12,No,2021
44a17f86-8a63-44b3-996b-2d15c732d5f9,Josh Johnson,RB,Warhawks Louisiana-Monroe,Sun Belt,No,2021
442d6fa9-8101-4a47-a5f0-85e52a4984b0,Jonathan Marshall,DL,Razorbacks Arkansas,SEC,No,2021
46dffbae-c563-496c-a5b6-69c259260139,Alex Palczewski,OL,Fighting Illini Illinois,Big Ten,No,2021
4815895f-944d-47d4-8dfa-8736da2c38a1,Rakeem Boyd,RB,Razorbacks Arkansas,SEC,No,2021
495336cf-49ef-4daa-ad6e-5147ef37f41d,Ben Petrula,OL,Eagles Boston College,ACC,No,2021
4914c2eb-586f-4328-abdd-2497e143a52c,Shaun Wade,CB,Buckeyes Ohio State,Big Ten,Yes,2021
4987cd50-bf1d-426c-9f13-c09b723fd66d,Jack Heflin,DL,Hawkeyes Iowa,Big Ten,No,2021
4bb60020-221b-4ea7-a157-757d747acb99,Ben Cleveland,OL,Bulldogs Georgia,SEC,No,2021
4c8e7b7b-fbbc-4a9c-a772-bd5269f08d77,Seth Williams,WR,Tigers Auburn,SEC,No,2021
4dcc8d03-2a86-4bd0-91f4-3610b411522a,Nick Pickett,SAF,Ducks Oregon,Pac-12,No,2021
4ef75118-fd89-4b7f-b798-3a97adfd8499,Cameron McGrone,LB,Wolverines Michigan,Big Ten,No,2021
51c10244-0bab-408d-9465-554f0ca02cf8,Donnie Corley,WR,Tigers Texas Southern,SWAC,No,2021
53d4eea4-e0c9-4436-9a35-693631aad846,Jhamon Ausbon,WR,Aggies Texas A&M,SEC,No,2021
54faf3b9-fe0c-4934-80bc-2f70cbb90bb6,Adam Anderson,OLB,Bulldogs Georgia,SEC,No,2021
55557bce-f6e5-41fe-96e5-a550692ab902,Luke Fortner,OT,Wildcats Kentucky,SEC,No,2021
55922b42-c6ce-4f33-89af-246f92d23255,Kenneth Gainwell,RB,Tigers Memphis,American Athletic,No,2021
55e3c756-1cfc-45af-b97b-558389898f80,Isaiah McDuffie,LB,Eagles Boston College,ACC,No,2021
56d71054-eb9b-47f1-9099-65befdb4c12a,Bryan Mills,DB,Eagles North Carolina Central,MEAC,No,2021
587c6bb8-5ade-41d9-8cb8-b49a511dbc12,Tedarrell Slaton,DL,Gators Florida,SEC,No,2021
5ab3797c-0040-498b-8eb4-99b409897a37,Christian Barmore,DL,Crimson Tide Alabama,SEC,Yes,2021
5cc51150-2d18-48ff-b17c-c31d68abc621,Myron Tagovailoa-Amosa,DL,Fighting Irish Notre Dame,ACC,No,2021
5dde46ec-2bec-4a52-8b15-c7554ad4310c,James Hudson,OL,Bearcats Cincinnati,American Athletic,Yes,2021
5dc0a353-c85c-4c5b-b922-60031a39f33e,Josh Palmer,WR,Volunteers Tennessee,SEC,No,2021
5e4452ee-9505-4624-b574-b83dbf0acec5,Sam Williams,OLB,Rebels Ole Miss,SEC,No,2021
6024ae3c-3117-43c1-8e41-1515573fbd22,Myles Jones,DB,Aggies Texas A&M,SEC,No,2021
60aa03a1-8382-4387-becf-21275e169b4e,Willie Eubanks III,LB,Bulldogs Citadel,Southern,No,2021
5eb157f6-1819-4f47-93fd-eed9e0e3d3d3,Amen Ogbongbemiga,LB,Cowboys Oklahoma State,Big 12,No,2021
297ab400-0927-4b7b-8de9-c724d86863c5,Corey Dauphine,RB,Green Wave Tulane,American Athletic,No,2021
27905a1a-3e0a-4815-af55-432d71ed49d2,Riko Jeffers,LB,Red Raiders Texas Tech,Big 12,No,2021
25606b9a-2639-4311-b33f-a7d312f6ddcc,Antwan Davis,WR,Cardinals Ball State,Mid-American,No,2021
26679425-dc48-44dd-83e3-350ca4ff927c,Spencer Brown,OL,Panthers Northern Iowa,Missouri Valley,Yes,2021
3537e1e6-966f-485e-b52c-c1e986b8f0bd,Chandon Herring,G,Cougars Brigham Young,IA Independents,No,2021
3578aa38-792d-4040-ad96-962b9697fa01,Joey Blount,FS,Cavaliers Virginia,ACC,No,2021
34ef2f9b-76b1-49ae-b7c2-1507acab77f5,Tariq Thompson,SAF,Aztecs San Diego State,Mountain West,No,2021
3627d73f-d697-4fac-a830-44ac9d8741dc,Christian Uphoff,SAF,Redbirds Illinois State,Missouri Valley,No,2021
3648ef99-5827-4aec-a8e2-7f83b3c85487,Jamin Davis,LB,Wildcats Kentucky,SEC,Yes,2021
385ad937-9afb-448e-ac40-be19579ea4c3,Jamar Watson,OLB,Wildcats Kentucky,SEC,No,2021
394cf151-bb69-4434-bd25-2bea653ff2d7,Trevon Moehrig,SAF,Horned Frogs TCU,Big 12,Yes,2021
3974f97a-ae73-4185-b9c5-0d09e071dd1e,Ryan Langan,LS,Eagles Georgia Southern,Sun Belt,No,2021
3d71abd8-e502-4a50-ac89-89266bbc9ff1,Kawaan Baker,WR,Jaguars South Alabama,Sun Belt,No,2021
3df009bb-9ef1-4308-808c-60c2149ac803,James Empey,OL,Cougars Brigham Young,IA Independents,No,2021
3eb44e74-d6c5-4497-8dc9-7569627775ae,Bryce Hargrove,OL,Panthers Pittsburgh,ACC,No,2021
3fb4b354-3454-4381-bcf7-7c5e509a0a57,Demetric Felton,RB,Bruins UCLA,Pac-12,No,2021
40aa9665-20a4-40e6-b393-bc3af751219f,Kyle Pitts,TE,Gators Florida,SEC,Yes,2021
41614388-8509-4c9d-b6d6-71f3ae54ba53,C.J. Avery,LB,Cardinals Louisville,ACC,No,2021
7beb9529-3163-41b4-9a90-cb3da479977f,Jaquan Amos,DB,Wildcats Villanova,CAA,No,2021
7ce52b33-128a-4451-b334-29c14843b3f4,Quintin Morris,TE,Falcons Bowling Green,Mid-American,No,2021
7dea576a-99bb-4a92-8030-ee2396deae39,D'Ante Smith,OT,Pirates East Carolina,American Athletic,No,2021
7e8ded02-a1cc-49ce-a850-eb9af0e276e0,Kevin Thomson,QB,Huskies Washington,Pac-12,No,2021
81f102be-8df7-4e50-b53e-8a4419a6406f,Gabe Reid,OLB,Cardinal Stanford,Pac-12,No,2021
8317ab88-8e02-4c72-aa6f-8b93ca45d8ca,Mark Webb,DB,Bulldogs Georgia,SEC,No,2021
83a0b5d0-2dad-4ce8-8df5-d05ed4cd76e3,Sadarius Hutcherson,OL,Gamecocks South Carolina,SEC,No,2021
85d10ab2-f2c3-4267-aa0c-dea081c732d8,Kylin Hill,RB,Bulldogs Mississippi State,SEC,No,2021
86fb50f2-55d5-4d40-88cd-e32b22edfc3c,Jordan Jackson,DT,Falcons Air Force,Mountain West,No,2021
8731fada-af83-4ab5-a8d0-c70817535b7a,Zac Lefebvre,TE,Bulls Buffalo,Mid-American,No,2021
88f62ab9-f224-40da-898f-b46dd30b1fd5,Greg McCrae,RB,Knights UCF,American Athletic,No,2021
8926f351-4ab7-4627-a32e-bbd536bf4329,Doug Kramer,OL,Fighting Illini Illinois,Big Ten,No,2021
8cee1014-12ca-4b34-9e50-2cd0424f6753,Deon Jackson,RB,Blue Devils Duke,ACC,No,2021
8fcf83b7-a812-4c2c-acf0-0406b5475655,Bryce Thompson,DB,Volunteers Tennessee,SEC,No,2021
90232eea-4455-4aaf-aa3d-e361454aa911,William Sherman,OL,Buffaloes Colorado,Pac-12,No,2021
919c6586-3b34-4c57-bed7-f421971b1923,Zac Thomas,QB,Mountaineers Appalachian State,Sun Belt,No,2021
91b29ead-0233-4223-9c13-1ae335159645,Darius Stills,DL,Mountaineers West Virginia,Big 12,No,2021
0be17667-67b6-4639-9ad6-662793d5ee72,Cameron Kinley,CB,Midshipmen Navy,American Athletic,No,2021
0ca37758-51f6-4e5b-b864-6720cea83437,Syrus Tuitele,OL,Bulldogs Fresno State,Mountain West,No,2021
07825f34-baa1-4f9e-9e89-9ab42a41623b,Feleipe Franks,QB,Razorbacks Arkansas,SEC,No,2021
0e974a9f-4a1d-497d-8878-e8dd59150ff6,Jordan Reid,OT,Spartans Michigan State,Big Ten,No,2021
109bd41d-57fd-475c-9aa6-f3aad38aa5fe,Paris Ford,DB,Panthers Pittsburgh,ACC,No,2021
11b24d2a-4224-4fae-92b9-3da291502063,Thomas Graham Jr.,CB,Ducks Oregon,Pac-12,No,2021
1192c7db-36a3-4c35-9f46-61b088629312,Jace Lewis,LB,Grizzlies Montana,Big Sky,No,2021
0c8b20b9-4c9b-4655-89b0-3fa72a77e0c9,Tommy Kraemer,OL,Fighting Irish Notre Dame,ACC,No,2021
12d67844-e149-4509-8a7a-8abcbbcab843,Lorenzo Burns,CB,Wildcats Arizona,Pac-12,No,2021
14359a6e-091f-49a7-8fef-b214d3627b8f,Nate McCrary,RB,,,No,2021
14ce204a-cd49-45ec-94c2-f8d94fa60d11,Drue Chrisman,P,Buckeyes Ohio State,Big Ten,No,2021
16857f98-c5ce-4d26-9924-2714eeea2e2d,Baron Browning,LB,Buckeyes Ohio State,Big Ten,No,2021
1297bff5-e11f-4a09-aef5-76fe80400419,Jaylen Waddle,WR,Crimson Tide Alabama,SEC,Yes,2021
16b1a7d3-c8c1-41ab-bf8a-99298efd3e81,Zeandae Johnson,DE,Golden Bears California,Pac-12,No,2021
17a9ce37-e893-44ee-a1ad-f90082f31bb1,Aubrey Solomon,DL,Volunteers Tennessee,SEC,No,2021
196e4fe4-bdb6-4e45-8b94-8281c6f2158d,Ben Mason,FB,Wolverines Michigan,Big Ten,No,2021
18dbdcd5-f238-462e-8eea-04315bae8ab9,Sage Surratt,WR,Demon Deacons Wake Forest,ACC,No,2021
18d32e51-5551-4a78-8f9a-abb9127dcb0b,Kyree Campbell,DL,Gators Florida,SEC,No,2021
1872e91c-77f0-4cb2-8e52-0ff2bd9cf3df,CJ Verdell,RB,Ducks Oregon,Pac-12,No,2021
1a6febbd-345a-44b4-bf3c-8684b6dea2c2,Bailey Gaither,WR,Spartans San Jose State,Mountain West,No,2021
1e264842-b0aa-4479-895f-dafc9d212147,Brady White,QB,Tigers Memphis,American Athletic,No,2021
1e9cf278-faf4-4421-8b2c-36c85006172a,Zerrick Cooper,QB,Gamecocks Jacksonville State,Ohio Valley,No,2021
1f194c14-63aa-453b-9378-60a4e323cd8b,Alani Pututau,DE,,,No,2021
1e16c731-79ff-424b-aad7-2c6d4774df72,Darren Hall,CB,Aztecs San Diego State,Mountain West,No,2021
695da833-9706-4e1f-b3cf-c47d338a56e4,Kayode Awosika,OL,Bulls Buffalo,Mid-American,No,2021
69bf23d8-f47b-4358-9201-04e034536461,Navaughn Donaldson,OL,Hurricanes Miami (FL),ACC,No,2021
6d9c6862-60f8-4355-be8a-07ed66de152d,Jacub Panasiuk,DE,Spartans Michigan State,Big Ten,No,2021
6fd3da77-57af-4cc3-9d2c-386e7561016f,Alim McNeill,DT,Wolfpack North Carolina State,ACC,Yes,2021
72f146f3-da6b-4560-860b-7bb10d231eac,Ventrell Miller,LB,Gators Florida,SEC,No,2021
7855c080-ff8b-4dad-9140-82f95122ccb2,Matt Allen,OL,Spartans Michigan State,Big Ten,No,2021
79f0e4dc-b2f3-497c-94a5-e33f9c1e3257,Tyler Coyle,LB,Boilermakers Purdue,Big Ten,No,2021
20dbdf04-b067-4e94-9fdc-b9880c82b3e7,Kenny Yeboah,TE,Rebels Ole Miss,SEC,No,2021
2134c970-9583-44ae-967e-1b6842914677,Orlando Umana,OL,Utes Utah,Pac-12,No,2021
20f41feb-85ea-4826-80af-36a3fe410990,Quinton Bohanna,DT,Wildcats Kentucky,SEC,No,2021
241098f4-6e0a-452f-8109-f35eefb97dd4,Tyson Campbell,DB,Bulldogs Georgia,SEC,Yes,2021
28200f7d-6660-42a4-b0b5-a87ea8aff764,Paulson Adebo,CB,Cardinal Stanford,Pac-12,Yes,2021
32de4f8f-7cfa-4156-b65c-6971e5507ead,Brennan Eagles,WR,Longhorns Texas,Big 12,No,2021
64c29204-122a-401d-bf56-711d6b532f4b,Riley Patterson,K,Tigers Memphis,American Athletic,No,2021
64cd3620-ad75-47df-83c3-a93162724be7,Zach Wilson,QB,Cougars Brigham Young,IA Independents,Yes,2021
01fd4a14-4add-48bb-937e-2dbf1d03a768,Stewart Reese,OL,Gators Florida,SEC,No,2021
8938b4c4-c8ed-4397-9c48-ec7129da3d87,Chuba Hubbard,RB,Cowboys Oklahoma State,Big 12,No,2021
8bd4b896-d032-4141-8c77-50b14e37a5f5,Malcolm Koonce,DE,Bulls Buffalo,Mid-American,No,2021
cbd03b01-845b-4c30-b9e3-f513ddb2c212,Adrian Hardy,WR,Bulldogs Louisiana Tech,Conference USA,No,2021
cc4763d3-d9f6-4b33-aaad-5d8bc6d5b3cb,Roderick Perry,DL,Fighting Illini Illinois,Big Ten,No,2021
cd96afd8-73bd-46ee-9f4a-3b6acc9ea35a,Antonio Phillips,CB,Cardinals Ball State,Mid-American,No,2021
cd6c997f-c03c-4c24-85ee-3deecae3d096,Elijah Mitchell,RB,Ragin' Cajuns Louisiana-Lafayette,Sun Belt,No,2021
d05601c5-97b6-401e-aadd-41bc1bdcf053,Antjuan Simmons,LB,Spartans Michigan State,Big Ten,No,2021
d058a45d-f6df-4efd-b403-61eebac58e64,Will Fries,OL,Nittany Lions Penn State,Big Ten,No,2021
d1c47880-386a-4e3b-bd80-cd02857c1cda,Paul Grattan,OL,Bruins UCLA,Pac-12,No,2021
d3e5d492-2358-48ec-8605-9eef95cdd7c1,Osa Odighizuwa,DL,Bruins UCLA,Pac-12,No,2021
d5457888-bb7e-4776-bc20-ee186f652c6a,Walker Little,OT,Cardinal Stanford,Pac-12,Yes,2021
d5ccf22b-92c5-430b-bcf1-aa9c6012405d,Simi Fehoko,WR,Cardinal Stanford,Pac-12,No,2021
d63a4b7b-6d03-4337-a3fc-6c793e6b16e0,Qwynnterrio Cole,DB,Braves Alcorn State,SWAC,No,2021
d760c733-3ca2-4139-880f-d238bb19e9ef,Dareuan Parker,OL,Bulldogs Mississippi State,SEC,No,2021
d7336186-b1a4-45bb-9e83-9d2b54d60a75,Kylen Granson,TE,Mustangs SMU,American Athletic,No,2021
d9a67c32-b43e-445b-b11e-3c435be6155d,Tre Norwood,DB,Sooners Oklahoma,Big 12,No,2021
d9d8d906-12b5-4446-a8a0-d12e0b2df272,JaQuan Hardy,RB,,,No,2021
daa2fb4b-cede-4019-8007-e0737019f965,Anthony Brown,QB,Ducks Oregon,Pac-12,No,2021
dc9ed930-5e42-4338-9b92-53a794d26bcc,Myles Fells,WR,Midshipmen Navy,American Athletic,No,2021
dca34525-0367-4b27-9250-9b21fd00c11f,Jay Tufele,DL,Trojans USC,Pac-12,Yes,2021
dcff64b5-9ecb-499f-93ec-6bb776d6c6ea,Rashod Bateman,WR,Golden Gophers Minnesota,Big Ten,Yes,2021
dd5b27b8-469f-4a4b-8c1e-6e66edd4b3ed,Damarri Mathis,DB,Panthers Pittsburgh,ACC,No,2021
e098d11f-d4fd-4915-8327-1fc005712b20,Justin Foster,DE,Tigers Clemson,ACC,No,2021
e1e289f6-9668-44f8-b750-d9f649892836,Naquan Jones,DT,Spartans Michigan State,Big Ten,No,2021
e4030cdd-7bf7-40fd-b3cb-ddb2151e15cf,Milton Williams,DL,Bulldogs Louisiana Tech,Conference USA,Yes,2021
e3408a3a-cd71-4816-b456-3626a213f40c,Frank Darby,WR,Sun Devils Arizona State,Pac-12,No,2021
e5e5c067-a705-4758-8d40-264bf76180f9,Deontay Anderson,SAF,Cougars Houston,American Athletic,No,2021
e7c2c407-ec99-4c53-b97e-ac9888ef8648,Jonathon Cooper,DE,Buckeyes Ohio State,Big Ten,No,2021
ae473047-0091-411f-a966-6f4acd067039,Dayo Odeyingbo,DL,Commodores Vanderbilt,SEC,No,2021
b0432b30-27cf-42be-bf35-88d55b106e12,Dorian Etheridge,LB,Cardinals Louisville,ACC,No,2021
aff3a420-2483-473e-88e2-06f00c1bb381,Dylan Moses,LB,Crimson Tide Alabama,SEC,No,2021
b08240f9-829a-4ddf-b2fa-13d40c4381fb,Khalil McClain,WR,Trojans Troy,Sun Belt,No,2021
b562f152-a20b-4695-88f9-2b56246f8965,Nick Bolton,LB,Tigers Missouri,SEC,Yes,2021
b56aec82-a6f2-4655-8361-e30d8e03de0e,Tyler Vaughns,WR,Trojans USC,Pac-12,No,2021
b684d051-563e-45b5-a462-eceb9b726a4a,Blake Proehl,WR,Pirates East Carolina,American Athletic,No,2021
b80dff35-cf58-4cc6-878a-52ca9b292e33,Calvin Bundage,LB,Cowboys Oklahoma State,Big 12,No,2021
b97415da-416c-4f7f-9f87-10e00c49690c,Donovan Stiner,SAF,Gators Florida,SEC,No,2021
bcdb3b39-c96a-4585-9cda-67db327afd85,Jaelon Darden,WR,Mean Green North Texas,Conference USA,No,2021
bdab2ae1-8e5d-4995-92d0-7c0461b41eae,Adam Williams,P,Tigers Memphis,American Athletic,No,2021
be187e12-2fd0-40c6-b9ed-f7ff02cc0ba3,Larry Rountree III,RB,Tigers Missouri,SEC,No,2021
bf2f7d8b-a5db-4b5d-8af5-4f57ba0a11f0,Forrest Merrill,DL,Red Wolves Arkansas State,Sun Belt,No,2021
bfe518a1-256e-497d-bcb1-c596083c1d57,Donavaughn Campbell,G,Bulldogs Louisiana Tech,Conference USA,No,2021
bf9dab7c-8b67-46c7-b307-e229571dfcd0,Adetokunbo Ogundeji,DL,Fighting Irish Notre Dame,ACC,No,2021
bf945982-5ab2-4f54-833c-45789b4f5292,Pressley Harvin III,P,Yellow Jackets Georgia Tech,ACC,No,2021
c1510ece-6fa2-4a94-a10e-e7f55a6439e4,T.D. Moultry,DE,Tigers Auburn,SEC,No,2021
c1b21300-a215-4ab0-90ac-175eece4adf2,Max Duffy,P,Wildcats Kentucky,SEC,No,2021
c15f57ca-e864-473a-972a-c56aba0c649d,Jaylon McClain-Sapp,CB,Thundering Herd Marshall,Conference USA,No,2021
c251dbe3-5fd8-4b2a-96f2-1bbe154b10df,Eric Stokes,DB,Bulldogs Georgia,SEC,Yes,2021
c2a37054-c429-446e-bb6d-a95a954f2e76,Shi Smith,WR,Gamecocks South Carolina,SEC,Yes,2021
c1932649-8769-46ba-b57f-0db8b567c3c2,Creed Humphrey,OL,Sooners Oklahoma,Big 12,Yes,2021
c4cf15a8-a752-4921-b30e-0f09c1fdb7d3,DaMarcus Fields,DB,Red Raiders Texas Tech,Big 12,No,2021
c9e638f5-ae35-47c6-a3a6-049ed975c1d1,Michael Dwumfour,DL,Scarlet Knights Rutgers,Big Ten,No,2021
945f2542-26c7-4167-ac73-7dc84f69ce51,Zyon McCollum,DB,Bearkats Sam Houston State,Southland,No,2021
93e2f5c0-caad-4f5b-86a7-8f513eef5d0d,Tommy Tremble,TE,Fighting Irish Notre Dame,ACC,No,2021
9391e7dd-2be1-406b-ab25-71cf7f7d49b1,Eyioma Uwazurike,DE,Cyclones Iowa State,Big 12,No,2021
96eeff2b-7f63-4c14-9fac-e3cbc5c8432a,Stevie Scott III,RB,Hoosiers Indiana,Big Ten,No,2021
96b9ecad-e079-4e19-806d-6584666ee025,Demario McCall,RB,Buckeyes Ohio State,Big Ten,No,2021
98c55388-cba8-4e5c-ad61-d1c30a4fa6fc,Mike Strachan,WR,,,No,2021
9914d42c-8b20-461d-89e4-51894f2f8a90,Alaric Jackson,OL,Hawkeyes Iowa,Big Ten,No,2021
997d43d3-6126-4d35-9a69-5d1f0e504662,Otis Anderson,RB,Knights UCF,American Athletic,No,2021
98c2f881-f70a-4fd6-af2a-78ccab87c32e,Miller Forristall,TE,Crimson Tide Alabama,SEC,No,2021
9aee8d31-44c9-473d-afb1-f0381045243c,Danny Davis III,WR,Badgers Wisconsin,Big Ten,No,2021
9c69989a-bc6b-4e49-ab19-dd23883d4947,Corey Sutton,WR,Mountaineers Appalachian State,Sun Belt,No,2021
9da2eb07-a928-498e-8f66-085558ed5531,Jason Pinnock,CB,Panthers Pittsburgh,ACC,No,2021
9f1a7a50-e66e-4441-905c-7638318c1503,Asante Samuel Jr.,DB,Seminoles Florida State,ACC,Yes,2021
9f180eef-4d15-4662-89d8-97e54c4172ce,Cole Clemens,OL,Commodores Vanderbilt,SEC,No,2021
a28f32c1-e806-4ca9-8041-d29a2cc42520,Shakur Brown,CB,Spartans Michigan State,Big Ten,Yes,2021
a1e1a93c-e48e-4e67-bbe9-a34fdc5eaa55,Jaylen Twyman,DL,Panthers Pittsburgh,ACC,No,2021
a3871d72-25e8-43a8-a10a-0714e7ce449d,Mekhi Sargent,RB,Hawkeyes Iowa,Big Ten,No,2021
a5469bbe-c2bf-4575-bb1b-1afd868ace49,Daviyon Nixon,DT,Hawkeyes Iowa,Big Ten,Yes,2021
ea3c2bba-a181-48c7-b6c1-c8e2bd76cdce,Nahshon Wright,DB,Beavers Oregon State,Pac-12,No,2021
eec6eee4-84f2-4323-9b19-98686e3fe91e,Elijah Moore,WR,Rebels Ole Miss,SEC,Yes,2021
ef8ef72d-f847-4f61-acd0-c6d297fa92a1,Ian Book,QB,Fighting Irish Notre Dame,ACC,No,2021
f12bef19-bde3-4c78-a619-8d7dd3ab90d5,Quinn Meinerz,C,,,Yes,2021
f0e50d83-1a9d-42b3-a395-afb2eac27d29,Liam Eichenberg,OL,Fighting Irish Notre Dame,ACC,Yes,2021
f1ecadc6-6504-4e33-9a24-81942f115cc3,Caleb Huntley,RB,Cardinals Ball State,Mid-American,No,2021
f4483820-e5ca-4aed-9e63-fed26c5e40c4,Shaka Toney,DE,Nittany Lions Penn State,Big Ten,No,2021
f1a6c385-8dd9-4b7b-af7d-f40c25ba616b,Justin Fields,QB,Buckeyes Ohio State,Big Ten,Yes,2021
f3a6bae9-bc49-4d50-b303-f2b74782a29d,Landon Dickerson,OL,Crimson Tide Alabama,SEC,Yes,2021
f46167ce-8cd4-4931-8c39-ea314458588a,Tamorrion Terry,WR,Seminoles Florida State,ACC,No,2021
f4711868-86cc-4381-a9ee-76bdc12c1d9e,Dez Fitzpatrick,WR,Cardinals Louisville,ACC,No,2021
f80b22a8-ccb8-4772-a210-2d4672a76b0c,Dai'Jean Dixon,WR,Colonels Nicholls State,Southland,No,2021
f971bea3-7f67-4479-aa10-f5821039f3da,Matt Bushman,TE,Cougars Brigham Young,IA Independents,No,2021
fc5c04be-113a-4070-99ab-4c3cce74e9cb,Mac McCain III,DB,Aggies North Carolina A&T,MEAC,No,2021
fd1acb5a-6027-4633-afa7-29699b18a45a,Myron Mitchell,WR,Blazers UAB,Conference USA,No,2021
fdc39c94-108e-48b3-93ca-f1814c3457ae,Jackson Carman,OT,Tigers Clemson,ACC,Yes,2021
a745aa58-3efa-4ef3-8c52-96cb8df9769a,Pooka Williams Jr.,RB,Jayhawks Kansas,Big 12,No,2021
a9caae24-9ce0-42f2-b2c9-2593cd5b32ce,Javonte Williams,RB,Tar Heels North Carolina,ACC,Yes,2021
ab8a85d7-1648-4e67-8658-ccb57c6d751b,Javian Hawkins,RB,Cardinals Louisville,ACC,No,2021
ac4c3a74-e6ec-49b3-8b95-592bd05aa940,John Lovett,RB,Nittany Lions Penn State,Big Ten,No,2021
b0a87f3a-940a-4ff3-ba43-4d23b4db9b8d,Ihmir Smith-Marsette,WR,Hawkeyes Iowa,Big Ten,No,2021
b0df6103-80e2-44f1-a773-4cfca00a155b,Peyton Ramsey,QB,Wildcats Northwestern,Big Ten,No,2021
b1dbd7b0-88aa-400e-97d1-8c78dfc04ed4,Justus Reed,DL,Hokies Virginia Tech,ACC,No,2021
b2b655bf-a1da-4615-95c6-03b21f7b4a54,Keylon Stokes,WR,Golden Hurricane Tulsa,American Athletic,No,2021
b45dd369-7717-4ebc-8e24-78bbe027914a,Brandon Stephens,CB,Mustangs SMU,American Athletic,No,2021
b44ed659-2d73-4f5b-8f49-3b4a96f221ae,Ta'Quon Graham,DL,Longhorns Texas,Big 12,No,2021
b4be4a8f-ebc4-4f19-beca-680c80c4e4ee,Josh Sills,OL,Cowboys Oklahoma State,Big 12,No,2021
fa74b008-0d17-45a3-a42f-9eb1fff9c9bc,Adrian Ealy,OL,Sooners Oklahoma,Big 12,No,2021
40e6b97f-63fb-4944-b9d6-16d4aa950f76,David Moore,QB,Chippewas Central Michigan,Mid-American,No,2021
4491da67-feaa-4b44-9315-cf03d352c619,Caden Sterns,DB,Longhorns Texas,Big 12,No,2021
431eae8f-6f90-4c78-920e-0c0904207cf5,Viane Moala,DT,Utes Utah,Pac-12,No,2021
4581ae12-bef9-4a81-ac53-321afef7f837,Quincy Roche,DL,Hurricanes Miami (FL),ACC,No,2021
45032870-c805-433b-9cd7-8e8042762c35,Marquez Stevenson,WR,Cougars Houston,American Athletic,No,2021
46e8f132-4ba3-49c9-9dc8-a20f72419b05,Briley Moore-McKinney,TE,Wildcats Kansas State,Big 12,No,2021
482be047-92ff-481f-bb36-bc507744ca0c,Jack Stoll,TE,Cornhuskers Nebraska,Big Ten,No,2021
48f19b1d-6da3-4fd3-82c7-39da63e09a96,Caleb Farley,DB,Hokies Virginia Tech,ACC,Yes,2021
4a3b4be2-1a2e-4aff-8000-bb69bf1108ed,Tommy Togiai,DT,Buckeyes Ohio State,Big Ten,No,2021
4b51f8ad-723d-4af7-ba3e-de4766b26a78,Rhamondre Stevenson,RB,Sooners Oklahoma,Big 12,No,2021
4d2ed09d-9479-4f60-b242-99c37004d4a0,Christian Darrisaw,OL,Hokies Virginia Tech,ACC,Yes,2021
4d4424ce-7708-490b-9298-3d45e0e9bc1c,Hamsah Nasirildeen,DB,Seminoles Florida State,ACC,No,2021
4e41d194-138b-459c-92b0-7131f293e7c9,Trill Williams,CB,Orange Syracuse,ACC,No,2021
50474e32-bc6d-42a2-852b-4c97879ee60f,Neil Farrell Jr.,DE,Tigers LSU,SEC,No,2021
4ff2469b-aeb2-4e77-b2fd-b53b60231882,Tre Brown,CB,Sooners Oklahoma,Big 12,No,2021
50badc89-38ec-4a17-a63a-46c2df2fe11c,Brenden Jaimes,OL,Cornhuskers Nebraska,Big Ten,No,2021
520525d3-925e-46c9-8ec5-4a45022b84d5,Shaun Beyer,TE,Hawkeyes Iowa,Big Ten,No,2021
5341e68d-4a54-4061-8f44-41257690fee2,Ryan McCollum,OL,Aggies Texas A&M,SEC,No,2021
553af3b1-2afd-4df2-bb9d-0328c1bd003e,Dion Novil,DL,Mean Green North Texas,Conference USA,No,2021
554968ff-8ca8-49dc-a5f7-af5ebb26ba27,Dylan Soehner,TE,Cyclones Iowa State,Big 12,No,2021
576a35c8-462c-4424-90d5-f9059f3b61ed,Tim Jones,WR,Golden Eagles Southern Miss,Conference USA,No,2021
5867e273-31cc-4aae-99c9-57329fb0c687,Cornell Powell,WR,Tigers Clemson,ACC,No,2021
5900a3e2-5dcd-4af4-8907-43b023ec6f85,Nick Niemann,LB,Hawkeyes Iowa,Big Ten,No,2021
587eb4c1-d887-43e1-8994-60ca927b088b,Branden Mack,WR,Owls Temple,American Athletic,No,2021
03c6f3c7-c2c8-4e88-8e51-07f4ca577b11,Lamont Wade,SAF,Nittany Lions Penn State,Big Ten,No,2021
02a9e28a-b238-474a-b88c-0a0584a7c4d1,Keyion Dixon,WR,Colonels Eastern Kentucky,Ohio Valley,No,2021
03aac41b-9b06-47e4-be6b-9b46a1dadfa5,Eli Stove,WR,Tigers Auburn,SEC,No,2021
03f29d0e-676d-4291-9c78-566e4eb5f8d8,Landon Young,OT,Wildcats Kentucky,SEC,No,2021
0152ec97-74b5-4ee1-8b99-4d94fd11e94a,Deonte Brown,OL,Crimson Tide Alabama,SEC,No,2021
013b7654-1b82-4e9f-8157-5c0042627cb1,John Raine,FB,Wildcats Northwestern,Big Ten,No,2021
004d9153-459b-47fe-a351-33b6e4696ef2,Keith Taylor,DB,Huskies Washington,Pac-12,No,2021
0006610f-3fa7-4f76-bdb1-d7afe4a0097f,Larnel Coleman,OT,Minutemen Massachusetts,IA Independents,No,2021
00e799f7-b0b7-42a8-95fd-791013fc7ec9,Jack Anderson,OL,Red Raiders Texas Tech,Big 12,No,2021
08a7ca92-7014-48d6-b1f3-7f3578898c11,Elijah Molden,DB,Huskies Washington,Pac-12,Yes,2021
09fba09a-ab61-4dc6-b0cc-c4fb407d3462,Ar'Darius Washington,SAF,Horned Frogs TCU,Big 12,No,2021
0b137cde-3b4a-4931-933c-4c1ee0928c74,Najee Harris,RB,Crimson Tide Alabama,SEC,Yes,2021
0dd89b3c-5981-4403-a30a-6e017784e243,Tommy Doyle,OL,RedHawks Miami (OH),Mid-American,No,2021
065d3a55-5ef8-452c-8e5b-04346372f370,Mark Gilbert,CB,Blue Devils Duke,ACC,No,2021
05f09cf3-bd61-418e-b2ab-74c2dcdf72d5,Michael Saffell,OL,Golden Bears California,Pac-12,No,2021
0ea4685b-990d-45b6-9e3c-24b5d9f424c7,Gregory Rousseau,DL,Hurricanes Miami (FL),ACC,Yes,2021
0eb8bd61-3f77-441b-a305-68395a5edbc9,Ty Clary,OL,Razorbacks Arkansas,SEC,No,2021
10754b25-11d1-47c0-aca4-8975806617dc,Tuf Borland,LB,Buckeyes Ohio State,Big Ten,No,2021
7d523ef7-911e-4cbc-9820-7cd35609fa4c,Malik Fisher,DL,Wildcats Villanova,CAA,No,2021
7eb52270-cef7-45cb-97fa-a2d6d2937e18,Calvin Ashley,OL,Rattlers Florida A&M,MEAC,No,2021
7fee8373-f882-4784-98ef-57d309763866,Jared Hocker,OL,Aggies Texas A&M,SEC,No,2021
80b08dcb-c043-43f0-8649-d3ed121fbb32,Janarius Robinson,DE,Seminoles Florida State,ACC,No,2021
85d8ff97-be90-4ee0-932b-248f6ab87e1d,Isaiah McKoy,WR,Golden Flashes Kent State,Mid-American,No,2021
85300688-0f5d-4d8a-ae34-7ece3dacd057,Whop Philyor,WR,Hoosiers Indiana,Big Ten,No,2021
8720a52e-347d-4330-940a-f5f66e6920d7,Jaycee Horn,DB,Gamecocks South Carolina,SEC,Yes,2021
87c4f4e0-ae45-4094-8eeb-f158928b3a45,Osirus Mitchell,WR,Bulldogs Mississippi State,SEC,No,2021
89ef0eff-e80d-4ebe-9e05-3936f51ed6c5,Quinn Nordin,K,Wolverines Michigan,Big Ten,No,2021
89a47d19-7423-4856-998e-ad79ab9bb615,Levi Onwuzurike,DL,Huskies Washington,Pac-12,Yes,2021
897d8cdc-777c-4da7-b854-83176881393e,Jerome Johnson,DT,Hoosiers Indiana,Big Ten,No,2021
8cc4e24b-ebc4-4ecb-81ca-13785006d842,Tory Carter,FB,Tigers LSU,SEC,No,2021
8df0c1bc-92ee-4d78-856e-69acfc445f2b,Dicaprio Bootle,CB,Cornhuskers Nebraska,Big Ten,No,2021
1247eaed-b8d4-4a86-8528-5a0b9d645d4a,Jerry Jacobs,DB,Razorbacks Arkansas,SEC,No,2021
13fda3ce-2012-4894-adfb-b50781a2dd95,Greg Eiland,OL,Bulldogs Mississippi State,SEC,No,2021
15a5d314-e0e8-45f1-9fc5-8518169e75bc,Garret Wallow,LB,Horned Frogs TCU,Big 12,No,2021
17a8198b-91cd-490d-b88a-e6e759c0868b,Antonio Nunn,WR,Bulls Buffalo,Mid-American,No,2021
182ecef1-630b-4afa-8b7c-a8e1e3f199cb,Brevin Jordan,TE,Hurricanes Miami (FL),ACC,Yes,2021
152e5760-587c-491f-8c63-e44d86ce0e5f,Deommodore Lenoir,CB,Ducks Oregon,Pac-12,No,2021
16c45a9d-21d8-427e-97f4-23804be50ea2,Kyle Trask,QB,Gators Florida,SEC,No,2021
1869042e-2267-481a-b037-feb926bc1bbd,Taysir Mack,WR,Panthers Pittsburgh,ACC,No,2021
1951fc4c-0041-46dd-9253-91db2b93d605,Brandon Smith,WR,Hawkeyes Iowa,Big Ten,No,2021
190841fe-76da-4a2e-ac11-f48137c0346d,Darius Hodge,DL,Thundering Herd Marshall,Conference USA,No,2021
1962cfe3-0b70-4117-a7a1-ceed3959576d,Joseph Ossai,LB,Longhorns Texas,Big 12,Yes,2021
1a9e94d8-85c8-4a55-a5af-9eb2a1531bab,Brady Breeze,SAF,Ducks Oregon,Pac-12,No,2021
61d0dcb3-8d58-404d-89cc-baf2d4eb15af,Tay Gowan,DB,Knights UCF,American Athletic,Yes,2021
641b2fc3-6cf3-484f-bb64-664a671fc709,Israel Mukuamu,DB,Gamecocks South Carolina,SEC,No,2021
63003480-9864-4c34-a7ee-d6c938670c24,Kobe Jones,DE,Bulldogs Mississippi State,SEC,No,2021
687b4610-3cd2-4846-8241-829fd46e5a12,Blake Haubeil,K,Buckeyes Ohio State,Big Ten,No,2021
6892cd94-082c-4a24-8093-ee542eec3acc,Daniel Archibong,DT,Owls Temple,American Athletic,No,2021
6a56cbe6-03b5-460d-9d6b-390d3ef78636,Raheem Blackshear,RB,Hokies Virginia Tech,ACC,No,2021
699ea417-82d1-4e3e-9664-000733246c17,Robert Rochell,DB,Bears Central Arkansas,Southland,No,2021
6c0b22ed-57a7-43cb-9b7a-41875992ee21,Greg Newsome II,DB,Wildcats Northwestern,Big Ten,Yes,2021
6ac2f5ef-ce0e-42ee-a979-f03d394dde2a,Jamie Newman,QB,Bulldogs Georgia,SEC,No,2021
6a7cb6b5-788f-476b-9a50-1ed8ab477596,Nathan Eldridge,OL,Beavers Oregon State,Pac-12,No,2021
6c174393-4711-42ed-b63f-fb068772113a,Dillon Stoner,WR,Cowboys Oklahoma State,Big 12,No,2021
6eb269b0-fb57-461a-be81-0fe38fe13e6c,Josh Ball,OL,Thundering Herd Marshall,Conference USA,No,2021
6f7e7a28-0628-4d43-ba87-0c8ff89910c2,Kekaula Kaniho,DB,Broncos Boise State,Mountain West,No,2021
70410cf1-1bac-4fa4-be09-991211fa676d,Warren Jackson,WR,Rams Colorado State,Mountain West,No,2021
70ea32d6-ba8c-4ab6-a016-249ff1b601a8,Raymond Johnson III,DE,Eagles Georgia Southern,Sun Belt,No,2021
7024488e-7d0f-49c8-a37f-a4ca552f8768,Rico Bussey,WR,Warriors Hawaii,Mountain West,No,2021
7242ff1e-3c5e-4c51-801a-8eedee22ef27,Richie Grant,DB,Knights UCF,American Athletic,Yes,2021
75e15147-da59-4c1d-9cb3-3a28a7dc65cd,Jovani Haskins,TE,Scarlet Knights Rutgers,Big Ten,No,2021
7848d16f-aa00-4c62-9657-796153d849f0,Tony Poljan,TE,Cavaliers Virginia,ACC,No,2021
789f1052-0c52-4541-b86f-3d66988eac81,Derrick Barnes,DE,Boilermakers Purdue,Big Ten,No,2021
7999c6c6-0bae-444b-841b-d02f42ffbe98,Kene Nwangwu,RB,Cyclones Iowa State,Big 12,No,2021
7ab67da9-71b6-4d06-b845-ff1165bc8991,Curtis Robinson,LB,Cardinal Stanford,Pac-12,No,2021
1b610b32-c2ee-4565-834e-92c9bcc2daa7,Eric Burrell,SAF,Badgers Wisconsin,Big Ten,No,2021
1bab69b7-930d-4157-95dc-a2b456eb3517,Rodarius Williams,CB,Cowboys Oklahoma State,Big 12,No,2021
1f0316a0-4668-40c3-bece-8284305d371a,Cade Johnson,WR,Jackrabbits South Dakota State,Missouri Valley,Yes,2021
1f2bae08-af86-4b3f-9013-06a0bc48aa94,Josh Myers,C,Buckeyes Ohio State,Big Ten,No,2021
5af7764f-40c5-448f-a3fc-9b45409cd5c5,Carson Green,OL,Aggies Texas A&M,SEC,No,2021
5e67eb51-76ed-4757-a331-60f781004be5,Aashari Crosswell,SAF,Sun Devils Arizona State,Pac-12,No,2021
23c9fe5a-3439-4979-b9fa-4d64909283eb,Zayne Anderson,SAF,Cougars Brigham Young,IA Independents,No,2021
1f9ce470-4c96-4891-abe7-c3c4669859b0,Bobby Brown III,DL,Aggies Texas A&M,SEC,No,2021
226b90b2-1b87-4cf1-874b-65639c142b13,Rashad Weaver,DL,Panthers Pittsburgh,ACC,No,2021
2376facc-3a95-4fb0-8398-0a3d84920e88,Matt Dotson,TE,Spartans Michigan State,Big Ten,No,2021
27abdcd0-287f-4aca-8692-2ea403ad6ddc,Mason Stokke,FB,Badgers Wisconsin,Big Ten,No,2021
2981680a-9e85-49e3-bc1b-238c4ae0d0a5,Brenden Knox,RB,Thundering Herd Marshall,Conference USA,No,2021
291afbce-9f9e-4490-b936-5e72185fb765,Hunter Long,TE,Eagles Boston College,ACC,Yes,2021
2bc081b8-cadc-4e3d-ba2b-13ca6b8c2cf6,Shane Buechele,QB,Mustangs SMU,American Athletic,No,2021
2c270df9-10f5-4621-8f18-c32c7fa3b0b5,Emmanuel Rugamba,DB,RedHawks Miami (OH),Mid-American,No,2021
26e53b2e-505a-40ce-982b-51f2bd7ef1c4,Jamar Johnson,DB,Hoosiers Indiana,Big Ten,Yes,2021
2686ab08-b74b-40e8-9971-bb5b4ca8943e,David Moore,OL,Tigers Grambling State,SWAC,No,2021
2c106ef8-7157-42c9-af1d-b5006d95ed76,Kadarius Toney,WR,Gators Florida,SEC,Yes,2021
2e45fa0f-1a30-4f42-911f-10407c3d12fc,James Smith,P,Bearcats Cincinnati,American Athletic,No,2021
2fb8a07f-1315-4d7e-83bf-7459a2f92eac,Pete Werner,LB,Buckeyes Ohio State,Big Ten,Yes,2021
31217678-077b-40da-a255-a39c70d83efb,Jordan Smith,OLB,Blazers UAB,Conference USA,No,2021
3246ecf8-e147-45c5-977a-6108f069afe4,Marquiss Spencer,DE,Bulldogs Mississippi State,SEC,No,2021
31ad3f6a-fe8a-49d9-95d4-8b6794ac868e,Lawrence Garner,LB,Monarchs Old Dominion,Conference USA,No,2021
35f0e2c0-8738-4e89-921e-6e6a4b0204c0,Derek Kerstetter,OL,Longhorns Texas,Big 12,No,2021
369ce8ec-3f7a-4c06-a060-5115ac28ec46,Jake Funk,RB,Terrapins Maryland,Big Ten,No,2021
328c1e34-9c03-4f6e-b2e8-83724cfb7538,Anthony Schwartz,WR,Tigers Auburn,SEC,Yes,2021
391248cb-0481-4db4-b95c-0660ea770a7f,Vavae Malepeai,RB,Trojans USC,Pac-12,No,2021
3a81b036-5afa-43d6-a084-d0b40948ffac,Carl Tucker,TE,Crimson Tide Alabama,SEC,No,2021
3cb87ab5-a997-4500-b667-1869f1bca130,JaCoby Stevens,SAF,Tigers LSU,SEC,No,2021
3f6a1e72-f472-4e1b-8ad1-8a5837085ec0,Turner Bernard,LS,Aztecs San Diego State,Mountain West,No,2021
3e8e4da8-5d48-4308-a526-2f31c63f851f,Aqeel Glass,QB,Bulldogs Alabama A&M,SWAC,No,2021
3fda400b-444b-4c75-b0d3-fdc02dc6301b,Ben Stille,DL,Cornhuskers Nebraska,Big Ten,No,2021
37fab634-1348-4285-a855-9ae268194774,Travis Etienne,RB,Tigers Clemson,ACC,Yes,2021
3c3c0088-318f-4a54-8436-c2053ad160cd,Larry Borom,OL,Tigers Missouri,SEC,No,2021
cf958e48-fcfe-4c22-8ce7-3be942d6e110,Cordell Volson,OT,Bison North Dakota State,Missouri Valley,No,2021
d152f273-d87d-4501-87cb-d41505ef085f,Grant Stuard,LB,Cougars Houston,American Athletic,No,2021
d24be5fb-6cf2-4c22-91d0-a3d88932915e,Conner Olson,OL,Golden Gophers Minnesota,Big Ten,No,2021
d61bcb30-fc26-4cc0-9435-2dea09432039,Marvin Wilson,DT,Seminoles Florida State,ACC,No,2021
d82c287b-a1b6-4f00-a8c6-009458878b4f,Reed Blankenship,SAF,Blue Raiders Middle Tennessee,Conference USA,No,2021
d877ffe1-6a7c-4bb4-865e-b2a7f89d980f,Matt Farniok,G,Cornhuskers Nebraska,Big Ten,No,2021
d6a021bb-ef06-4c95-b8ac-4fe3b7d163b4,Drew Dalman,C,Cardinal Stanford,Pac-12,No,2021
dab36b9e-6f98-4c4f-8da6-549795db07e6,D'Wayne Eskridge,WR,Broncos Western Michigan,Mid-American,Yes,2021
df38cc2f-0e1e-49e0-b747-5e15278dbff1,Brandon Pili,DL,Trojans USC,Pac-12,No,2021
e4b26538-1873-4c38-a5d9-0e8162da0e64,Grant Hermanns,OL,Boilermakers Purdue,Big Ten,No,2021
e6244d56-f4d9-4485-a36e-c511fa3743d4,Spencer Brown,RB,Blazers UAB,Conference USA,No,2021
e3f29e93-7175-40a9-96ff-37984a42bed0,Phil Hoskins,DT,Wildcats Kentucky,SEC,No,2021
e69ba1dc-33aa-4c43-a891-6f48df76fe9a,Jamien Sherwood,DB,Tigers Auburn,SEC,No,2021
e7103ffe-8090-4b2b-b1a0-1d96b2586cc1,K.D. Nixon,WR,Buffaloes Colorado,Pac-12,No,2021
e6d95331-2d4c-45a1-9aee-126bd4c1c6c3,Todd Harris Jr.,SAF,Tigers LSU,SEC,No,2021
b560979b-8464-4dbf-b6f3-0d9d63ed5963,Demetrius Taylor,DL,Mountaineers Appalachian State,Sun Belt,No,2021
b61efcc7-621a-4df4-b729-bd2faafc398c,Tre' McKitty,TE,Bulldogs Georgia,SEC,No,2021
b6430add-76ad-46b5-9a13-e4a4c7182fa0,Tyrone Hill,SAF,Bulls Buffalo,Mid-American,No,2021
b62a1fc8-a56a-4bbc-99fe-91fda1d6305e,Romeo McKnight,DE,49ers Charlotte,Conference USA,No,2021
b7f3c77e-aba8-4100-a212-58bce6810c54,Lawrence White IV,DB,Cyclones Iowa State,Big 12,No,2021
b8220310-bb4a-43d9-b56d-c24bbafa701b,Damonte Coxie,WR,Tigers Memphis,American Athletic,No,2021
bae71c30-ce8a-4945-97fa-bc085c657466,Ben Skowronek,WR,Fighting Irish Notre Dame,ACC,No,2021
be4b76c5-00a8-46be-af45-566b2b448c3d,Ronnie Perkins,DE,Sooners Oklahoma,Big 12,Yes,2021
becb2509-f0b4-4ce7-8ea7-bc2fec0ec83d,Harry Crider,C,Hoosiers Indiana,Big Ten,No,2021
bf430a8a-eaf9-414a-a077-6c3f99466974,Patrick Jones II,DL,Panthers Pittsburgh,ACC,Yes,2021
c181db8e-fd72-4d09-9c87-249afa248a37,Stone Forsythe,OL,Gators Florida,SEC,No,2021
c034610c-afbb-48d0-b358-b08aa7b61637,Stephen Carr,RB,Trojans USC,Pac-12,No,2021
c2b42205-d2d1-42f9-8c37-c578d907320b,Jahad Woods,LB,Cougars Washington State,Pac-12,No,2021
c4b07f3a-4976-488e-a220-d39cfae19c40,James Wiggins,SAF,Bearcats Cincinnati,American Athletic,No,2021
c62c83ac-1ca3-4526-9f66-80f931f7f781,Trey Lance,QB,Bison North Dakota State,Missouri Valley,Yes,2021
9af0461b-530b-496f-b85a-849c677a474b,Jaelan Phillips,DL,Hurricanes Miami (FL),ACC,Yes,2021
9dc0721e-9548-4526-b92a-3a7b953d00b3,Kelvin Joseph,DB,Wildcats Kentucky,SEC,Yes,2021
9f7db004-609b-4655-9d66-4194c1732c1c,Michal Menet,OL,Nittany Lions Penn State,Big Ten,No,2021
9fcb8160-d753-4df4-bc3f-0a6619fb3a50,Avery Williams,CB,Broncos Boise State,Mountain West,No,2021
a618d164-d625-40fe-a6df-d496ae3362ad,JaQuan Bailey,DE,Cyclones Iowa State,Big 12,No,2021
a6874bac-0d70-46d4-9886-e4989c7fb432,Tylan Wallace,WR,Cowboys Oklahoma State,Big 12,Yes,2021
91be43cb-c3be-4759-9fd7-0c81e43836c2,Royce Newman,G,Rebels Ole Miss,SEC,No,2021
94536e0a-0015-45df-83bd-2ad1eea4b6a0,Wyatt Hubert,DE,Wildcats Kansas State,Big 12,No,2021
955d9cb2-5ccb-4eb3-88ad-7ddcb39bc52f,Kuony Deng,LB,Golden Bears California,Pac-12,No,2021
96086126-841f-4ab0-b301-d16bce5dc032,Jonathan Adams Jr.,WR,Red Wolves Arkansas State,Sun Belt,No,2021
946e4c0c-e87e-46bf-b1ff-7a2c22712c41,Chris Garrett,DE,,,No,2021
96d5644e-4199-4874-9e9f-1282ef73ce5f,Sam Cooper,OL,Warriors Merrimack College,Northeast,No,2021
987a0765-9ad5-4b8d-99e1-ad07928bf0b9,CJ Marable,RB,Chanticleers Coastal Carolina,Sun Belt,No,2021
c9101fbf-0e35-4c38-aefa-5c5367bd807a,Patrick Johnson,DE,Green Wave Tulane,American Athletic,No,2021
c94301f5-bbec-491e-89f9-7279c8cae638,Alijah Vera-Tucker,OL,Trojans USC,Pac-12,Yes,2021
cb1a3d8a-b235-4033-a66e-310218880ed6,Evan McPherson,K,Gators Florida,SEC,No,2021
ccc70064-cbd1-4c92-92f0-e719add8be35,Marcus Murphy,SAF,Bulldogs Mississippi State,SEC,No,2021
cdcec0d0-cc95-4357-83e6-a35a55ad2cd3,Trey Hill,OL,Bulldogs Georgia,SEC,No,2021
a88d500e-6f86-4553-b256-aa614a471d1a,Nick Lenners,TE,Wildcats Kansas State,Big 12,No,2021
a85d03a3-e1b9-4d0b-a229-84e1e833c79a,Cole Van Lanen,OL,Badgers Wisconsin,Big Ten,No,2021
af0b2c7e-306a-4f9a-a76d-06a82e7edb31,Teven Jenkins,OL,Cowboys Oklahoma State,Big 12,Yes,2021
b05ba3e7-1b78-46c4-ae2a-a64aa9dbe8ae,Olaijah Griffin,CB,Trojans USC,Pac-12,No,2021
b354d6a8-ec8a-4878-8ae8-0aab760dfdb4,Kary Vincent Jr.,CB,Tigers LSU,SEC,No,2021
b45f89fa-2df0-4747-b2ba-0e0bfc9f75f4,Robert Jones,G,Blue Raiders Middle Tennessee,Conference USA,No,2021
e7770779-06f0-44fa-8c7b-61b7c1fa834b,Anthony Hines III,LB,Aggies Texas A&M,SEC,No,2021
e8938750-0c5e-486e-8135-c83339b2ca69,Ali Fayad,DE,Broncos Western Michigan,Mid-American,No,2021
e88ac1db-56cc-4d5a-8978-6057bf5f65b7,Josh Ross,LB,Wolverines Michigan,Big Ten,No,2021
eb656bc6-096b-4759-b388-9098a769c1ea,Penei Sewell,OL,Ducks Oregon,Pac-12,Yes,2021
efb0bb0c-57ce-4359-8720-4e28208d342a,Dedrick Mills,RB,Cornhuskers Nebraska,Big Ten,No,2021
f0bc8683-69d9-4c08-aeee-d05ee618fe99,Nate Hobbs,CB,Fighting Illini Illinois,Big Ten,No,2021
f285780e-8934-477b-af2b-56d4c9141ddc,Teton Saltes,G,Lobos New Mexico,Mountain West,No,2021
f149cced-b08a-4912-bf75-38cb15306611,Thomas Fletcher,LS,Crimson Tide Alabama,SEC,No,2021
f41eb5bc-6276-4dbc-93cd-07932a805408,Zach Smith,QB,Golden Hurricane Tulsa,American Athletic,No,2021
f55e1459-13ad-4389-a21a-a119425d443f,Jalen Camp,WR,Yellow Jackets Georgia Tech,ACC,No,2021
f8e8f50b-38c5-4d14-bb03-a594cc1cdc3b,Robert Mahone,RB,Broncos Boise State,Mountain West,No,2021
f9161627-da9c-411f-a225-9c7b5b9072f9,Paddy Fisher,LB,Wildcats Northwestern,Big Ten,No,2021
fa4a4eed-4260-4f85-bf3d-fffa66fff572,Drew Himmelman,OL,Redbirds Illinois State,Missouri Valley,No,2021
fd806869-b691-490d-9b90-4c4f91715948,Amari Rodgers,WR,Tigers Clemson,ACC,Yes,2021
fe342e4b-d369-4c05-a761-c67ef79a9129,Andre Mintze,LB,Commodores Vanderbilt,SEC,No,2021
fe03823b-fd2d-4797-bb8a-40705580cd5c,Devin Taylor,CB,Hokies Virginia Tech,ACC,No,2021
ff15dae8-6406-4f4c-89cb-9004e4087c35,Cary Angeline,TE,Wolfpack North Carolina State,ACC,No,2021
ff11ce8b-051d-413d-bb40-b570f18a47e3,Asim Rose,RB,Wildcats Kentucky,SEC,No,2021
